-- phpMyAdmin SQL Dump
-- version 5.2.0
-- https://www.phpmyadmin.net/
--
-- Host: localhost
-- Generation Time: Oct 11, 2022 at 07:26 AM
-- Server version: 10.4.21-MariaDB
-- PHP Version: 8.1.6

SET SQL_MODE = "NO_AUTO_VALUE_ON_ZERO";
START TRANSACTION;
SET time_zone = "+00:00";


/*!40101 SET @OLD_CHARACTER_SET_CLIENT=@@CHARACTER_SET_CLIENT */;
/*!40101 SET @OLD_CHARACTER_SET_RESULTS=@@CHARACTER_SET_RESULTS */;
/*!40101 SET @OLD_COLLATION_CONNECTION=@@COLLATION_CONNECTION */;
/*!40101 SET NAMES utf8mb4 */;

--
-- Database: `delivisha`
--

-- --------------------------------------------------------

--
-- Table structure for table `deli_counties`
--

CREATE TABLE `deli_counties` (
  `id` int(11) DEFAULT NULL,
  `county_name` varchar(255) NOT NULL,
  `county_code` int(11) NOT NULL,
  `date_created` datetime NOT NULL DEFAULT current_timestamp()
) ENGINE=InnoDB DEFAULT CHARSET=utf8mb4;

--
-- Dumping data for table `deli_counties`
--

INSERT INTO `deli_counties` (`id`, `county_name`, `county_code`, `date_created`) VALUES
(2, 'Mombasa', 1, '2021-09-21 22:26:47'),
(7, 'Kwale', 2, '2021-10-15 11:57:28'),
(8, 'Kilifi', 3, '2021-10-15 11:57:51'),
(9, 'Tana River', 4, '2021-10-15 11:58:11'),
(10, 'Lamu', 5, '2021-10-15 11:58:30'),
(11, 'Taita Taveta', 6, '2021-10-15 11:58:56'),
(12, 'Garissa', 7, '2021-10-15 11:59:14'),
(13, 'Wajir', 8, '2021-10-15 11:59:30'),
(14, 'Mandera', 9, '2021-10-15 11:59:48'),
(15, 'Marsabit', 10, '2021-10-15 12:00:07'),
(16, 'Isiolo', 11, '2021-10-15 12:00:35'),
(3, 'Meru', 12, '2021-09-21 22:27:15'),
(17, 'Tharaka Nithi', 13, '2021-10-15 12:00:54'),
(18, 'Embu', 14, '2021-10-15 12:01:23'),
(19, 'KItui', 15, '2021-10-15 12:01:49'),
(20, 'Machakos', 16, '2021-10-15 12:02:09'),
(21, 'Makueni', 17, '2021-10-15 12:02:27'),
(22, 'Nyandarua', 18, '2021-10-15 12:02:44'),
(23, 'Nyeri', 19, '2021-10-15 12:03:01'),
(24, 'Kirinyaga', 20, '2021-10-15 12:03:20'),
(25, 'Murang\'a', 21, '2021-10-15 12:04:00'),
(6, 'Kiambu', 22, '2021-09-21 23:12:38'),
(26, 'Turkana', 23, '2021-10-15 12:04:31'),
(27, 'West Pokot', 24, '2021-10-15 12:05:11'),
(28, 'Samburu', 25, '2021-10-15 12:05:26'),
(29, 'Trans-Nzoia', 26, '2021-10-15 12:06:11'),
(30, 'Uasin Gishu', 27, '2021-10-15 12:06:33'),
(31, 'Elgeyo-Marakwet', 28, '2021-10-15 12:07:00'),
(32, 'Nandi', 29, '2021-10-15 12:07:15'),
(33, 'Baringo', 30, '2021-10-15 12:07:41'),
(34, 'Laikipia', 31, '2021-10-15 12:07:59'),
(35, 'Nakuru', 32, '2021-10-15 12:08:17'),
(36, 'Narok', 33, '2021-10-15 12:08:37'),
(37, 'Kajiado', 34, '2021-10-15 12:09:00'),
(38, 'Kericho', 35, '2021-10-15 12:17:22'),
(39, 'Bomet', 36, '2021-10-15 12:17:33'),
(40, 'Kakamega', 37, '2021-10-15 12:17:53'),
(41, 'Vihiga', 38, '2021-10-15 12:18:06'),
(42, 'Bungoma', 39, '2021-10-15 12:18:22'),
(43, 'Busia', 40, '2021-10-15 12:18:34'),
(44, 'Siaya', 41, '2021-10-15 12:18:48'),
(5, 'Kisumu', 42, '2021-09-21 22:28:08'),
(45, 'Homa Bay', 43, '2021-10-15 12:19:12'),
(46, 'Migori', 44, '2021-10-15 12:19:27'),
(47, 'Kisii', 45, '2021-10-15 12:19:38'),
(48, 'Nyamira', 46, '2021-10-15 12:19:53'),
(1, 'Nairobi', 47, '2021-09-21 22:23:22');

-- --------------------------------------------------------

--
-- Table structure for table `deli_customers`
--

CREATE TABLE `deli_customers` (
  `id` int(11) NOT NULL,
  `customer_id` int(11) NOT NULL,
  `otp` int(11) NOT NULL,
  `firstname` varchar(100) COLLATE utf8mb4_unicode_ci NOT NULL,
  `lastname` varchar(100) COLLATE utf8mb4_unicode_ci NOT NULL,
  `email` varchar(100) COLLATE utf8mb4_unicode_ci NOT NULL,
  `phone` int(11) NOT NULL,
  `status` int(11) NOT NULL DEFAULT 0,
  `created_date` datetime NOT NULL DEFAULT current_timestamp(),
  `updated_date` datetime NOT NULL
) ENGINE=InnoDB DEFAULT CHARSET=utf8mb4 COLLATE=utf8mb4_unicode_ci;

--
-- Dumping data for table `deli_customers`
--

INSERT INTO `deli_customers` (`id`, `customer_id`, `otp`, `firstname`, `lastname`, `email`, `phone`, `status`, `created_date`, `updated_date`) VALUES
(1, 534683, 724235, 'Dennis', 'Otieno', 'otienodennis29@gmail.com', 725134449, 1, '2022-10-02 18:16:25', '2022-10-11 07:13:22'),
(2, 160027, 567067, 'Milka ', 'Bukutsa', 'milkabukutsa@gmail.com', 719893012, 0, '2022-10-02 19:06:55', '0000-00-00 00:00:00'),
(3, 975432, 0, 'Dancan', 'Osoro', 'dancan@gmail.com', 700668940, 1, '2022-10-03 21:53:34', '0000-00-00 00:00:00'),
(4, 427862, 0, 'Sylvia', 'Waweru', 'sylvia@gmail.com', 757732428, 1, '2022-10-03 22:40:06', '0000-00-00 00:00:00');

-- --------------------------------------------------------

--
-- Table structure for table `deli_orders`
--

CREATE TABLE `deli_orders` (
  `id` int(11) NOT NULL COMMENT 'Unique incrementing number',
  `customer_id` int(11) NOT NULL COMMENT 'Customer registration number',
  `county_id` int(11) NOT NULL COMMENT 'county code',
  `region_id` int(11) NOT NULL COMMENT 'region identification number',
  `street_id` int(11) NOT NULL COMMENT 'street identification number',
  `receiver_name` varchar(100) COLLATE utf8mb4_unicode_ci NOT NULL COMMENT 'person to recieve the package',
  `receiver_phone` int(11) NOT NULL COMMENT 'Receiver phone number',
  `receiver_address` varchar(200) COLLATE utf8mb4_unicode_ci NOT NULL COMMENT 'Receiver Address location',
  `package_type` int(11) NOT NULL COMMENT 'Package type',
  `package_weight` int(11) NOT NULL COMMENT 'Package weight',
  `package_value` int(11) NOT NULL COMMENT 'Package value',
  `package_qty` int(11) NOT NULL COMMENT 'Package Quantity',
  `package_image` varchar(200) COLLATE utf8mb4_unicode_ci NOT NULL COMMENT 'The package image',
  `urgency` int(11) NOT NULL COMMENT 'Urgency of the package',
  `package_time` time NOT NULL COMMENT 'Order pickup time',
  `description` longtext COLLATE utf8mb4_unicode_ci NOT NULL COMMENT 'Order notes',
  `created_date` datetime NOT NULL DEFAULT current_timestamp() COMMENT 'Order date',
  `updated_date` datetime NOT NULL COMMENT 'Order updated date',
  `waybill_no` int(11) NOT NULL COMMENT 'package waybill number'
) ENGINE=InnoDB DEFAULT CHARSET=utf8mb4 COLLATE=utf8mb4_unicode_ci;

-- --------------------------------------------------------

--
-- Table structure for table `deli_regions`
--

CREATE TABLE `deli_regions` (
  `id` int(11) NOT NULL,
  `county_code` int(11) NOT NULL,
  `region_name` varchar(255) NOT NULL,
  `date_created` datetime NOT NULL DEFAULT current_timestamp()
) ENGINE=InnoDB DEFAULT CHARSET=utf8mb4;

--
-- Dumping data for table `deli_regions`
--

INSERT INTO `deli_regions` (`id`, `county_code`, `region_name`, `date_created`) VALUES
(1, 47, 'Westlands', '2021-09-21 23:00:55'),
(2, 47, 'Dagoretti North', '2021-09-21 23:01:17'),
(3, 47, 'Dagoretti South', '2021-09-21 23:06:46'),
(4, 47, 'Langata', '2021-09-21 23:07:02'),
(5, 47, 'Kibra', '2021-09-21 23:07:20'),
(6, 47, 'Roysambu', '2021-09-21 23:07:44'),
(7, 47, 'Kasarani', '2021-09-21 23:08:21'),
(8, 47, 'Ruaraka', '2021-09-21 23:08:54'),
(9, 47, 'Embakasi South', '2021-09-21 23:09:22'),
(10, 47, 'Embakasi North', '2021-09-21 23:09:41'),
(11, 47, 'Embakasi Central', '2021-09-21 23:09:57'),
(12, 47, 'Embakasi East', '2021-09-21 23:10:26'),
(13, 47, 'Embakasi West', '2021-09-21 23:10:43'),
(14, 47, 'Makadara', '2021-09-21 23:11:01'),
(15, 47, 'Kamukunji', '2021-09-21 23:11:31'),
(16, 47, 'Starehe', '2021-09-21 23:11:54'),
(17, 47, 'Mathare', '2021-09-21 23:12:08'),
(18, 22, 'Githunguri', '2021-10-15 09:13:49'),
(19, 22, 'Kiambaa', '2021-10-15 09:15:30'),
(20, 22, 'Kabete', '2021-10-15 09:20:18'),
(21, 22, 'Limuru', '2021-10-15 09:21:32'),
(22, 22, 'Lari', '2021-10-15 09:23:31'),
(23, 22, 'Gatundu North', '2021-10-15 09:24:02'),
(24, 22, 'Gatundu South', '2021-10-15 09:24:32'),
(25, 22, 'Ruiru', '2021-10-15 09:24:55'),
(26, 22, 'Kikuyu', '2021-10-15 09:25:14'),
(27, 22, 'Juja', '2021-10-15 09:25:28'),
(28, 22, 'Thika Town', '2021-10-15 09:25:56'),
(29, 22, 'Kiambu', '2021-10-15 09:27:37'),
(30, 1, 'Changamwe', '2021-10-15 10:57:45'),
(31, 1, 'Changamwe', '2021-10-15 10:58:45'),
(32, 1, 'Jomvu', '2021-10-15 11:00:20'),
(33, 1, 'Kisauni', '2021-10-15 11:26:30'),
(34, 1, 'Nyali', '2021-10-15 11:26:59'),
(35, 1, 'Likoni', '2021-10-15 11:27:20'),
(36, 1, 'Mvita', '2021-10-15 11:27:51'),
(37, 3, 'Kilifi North', '2021-10-15 12:25:30'),
(38, 3, 'Kilifi South', '2021-10-15 12:25:47'),
(39, 3, 'Kaloleni', '2021-10-15 12:26:08'),
(40, 3, 'Rabai', '2021-10-15 12:26:18'),
(41, 3, 'Ganze', '2021-10-15 12:26:31'),
(42, 3, 'Malindi', '2021-10-15 12:26:42'),
(43, 3, 'Magarini', '2021-10-15 12:26:55'),
(44, 2, 'Msambweni', '2021-10-15 14:34:22'),
(45, 2, 'Matuga', '2021-10-15 14:34:40'),
(46, 2, 'Kinango', '2021-10-15 14:34:54'),
(47, 2, 'Lunga Lunga', '2021-10-15 14:35:09'),
(48, 5, 'Lamu West', '2021-10-15 14:39:58'),
(49, 5, 'Lamu East', '2021-10-15 14:40:09'),
(50, 12, 'Imenti North', '2021-10-16 07:30:51'),
(51, 12, 'Imenti South', '2021-10-16 08:33:26'),
(52, 12, 'Imenti Central', '2021-10-16 08:33:42'),
(53, 12, 'Buuri', '2021-10-16 08:34:23'),
(54, 12, 'Tigania West', '2021-10-16 08:34:47'),
(55, 12, 'Tigania East', '2021-10-16 08:35:04'),
(56, 12, 'Igembe Central', '2021-10-16 08:35:37'),
(57, 12, 'Igembe South', '2021-10-16 08:35:59'),
(58, 12, 'Igembe North', '2021-10-16 08:36:13'),
(59, 30, 'Baringo South', '2021-10-18 07:06:43'),
(60, 30, 'Mogotio', '2021-10-18 07:07:09'),
(61, 30, 'Eldama Ravine', '2021-10-18 07:07:23'),
(62, 30, 'Baringo Central', '2021-10-18 07:07:45'),
(63, 30, 'Baringo North', '2021-10-18 07:08:00'),
(64, 30, 'Tiaty', '2021-10-18 07:08:27'),
(65, 36, 'Bomet Central', '2021-10-18 08:24:06'),
(66, 36, 'Bomet East', '2021-10-18 08:24:25'),
(67, 36, 'Chepalungu', '2021-10-18 08:24:43'),
(68, 36, 'Sotik', '2021-10-18 08:25:15'),
(69, 36, 'Konoin', '2021-10-18 08:25:32'),
(70, 39, 'Kabuchai', '2021-10-18 08:48:26'),
(71, 39, 'Kanduyi', '2021-10-18 08:48:45'),
(72, 39, 'Sirisia', '2021-10-18 08:49:06'),
(73, 39, 'Kimilili', '2021-10-18 08:49:24'),
(74, 39, 'Bumula', '2021-10-18 08:49:42'),
(75, 39, 'Tongaren', '2021-10-18 08:50:01'),
(76, 39, 'Webuye East', '2021-10-18 08:50:18'),
(77, 39, 'Webuye West', '2021-10-18 08:50:38'),
(78, 39, 'Mt. Elgon', '2021-10-18 08:50:57'),
(79, 40, 'Nambale', '2021-10-18 09:57:56'),
(80, 40, 'Butula', '2021-10-18 09:58:21'),
(81, 40, 'Funyula', '2021-10-18 09:58:40'),
(82, 40, 'Budalangi', '2021-10-18 09:59:00'),
(83, 40, 'Matayos', '2021-10-18 09:59:14'),
(84, 40, 'Teso North', '2021-10-18 09:59:32'),
(85, 40, 'Teso South', '2021-10-18 09:59:49'),
(86, 28, 'Marakwet East', '2021-10-18 10:49:39'),
(87, 28, 'Marakwet West', '2021-10-18 10:49:55'),
(88, 28, 'Keiyo North', '2021-10-18 10:50:13'),
(89, 28, 'Keiyo South', '2021-10-18 10:50:32'),
(90, 14, 'Manyatta', '2021-10-18 11:19:05'),
(91, 14, 'Runyenjes', '2021-10-18 11:19:21'),
(92, 14, 'Mbeere North', '2021-10-18 11:19:38'),
(93, 14, 'Mbeere South', '2021-10-18 11:19:53'),
(94, 7, 'Garissa Township', '2021-10-18 11:41:22'),
(95, 7, 'Fafi', '2021-10-18 11:41:39'),
(96, 7, 'Dadaab', '2021-10-18 11:41:58'),
(97, 7, 'Lagdera', '2021-10-18 11:42:17'),
(98, 7, 'Balambala', '2021-10-18 11:42:37'),
(99, 7, 'Ijara', '2021-10-18 11:42:55'),
(100, 43, 'Homa Bay Town', '2021-10-18 14:11:04'),
(101, 43, 'Kabondo Kasipul', '2021-10-18 14:11:25'),
(102, 43, 'Karachuonyo', '2021-10-18 14:11:54'),
(103, 43, 'Kasipul', '2021-10-18 14:12:13'),
(104, 43, 'Mbita', '2021-10-18 14:13:16'),
(105, 43, 'Ndhiwa', '2021-10-18 14:13:35'),
(106, 43, 'Rangwe', '2021-10-18 14:14:23'),
(107, 43, 'Suba', '2021-10-18 14:14:36'),
(108, 11, 'Isiolo North', '2021-10-19 06:02:03'),
(109, 11, 'Isiolo South', '2021-10-19 06:02:21'),
(110, 34, 'Kajiado Central', '2021-10-19 06:11:24'),
(111, 34, 'Kajiado North', '2021-10-19 06:11:39'),
(112, 34, 'Kajiado South', '2021-10-19 06:11:55'),
(113, 34, 'Kajiado East', '2021-10-19 06:12:09'),
(114, 34, 'Kajiado West', '2021-10-19 06:12:24'),
(115, 37, 'Lugari', '2021-10-19 06:25:16'),
(116, 37, 'Kongoni', '2021-10-19 06:28:46'),
(117, 37, 'Likuyani', '2021-10-19 06:38:56'),
(118, 37, 'Malava', '2021-10-19 06:44:59'),
(119, 37, 'Lurambi', '2021-10-19 06:48:46'),
(120, 37, 'Navakholo', '2021-10-19 06:55:43'),
(121, 37, 'Mumias West', '2021-10-19 06:59:41'),
(122, 37, 'Mumias East', '2021-10-19 07:02:19'),
(123, 37, 'Matungu', '2021-10-19 07:04:15'),
(124, 37, 'Butere', '2021-10-19 07:06:21'),
(125, 37, 'Khwisero', '2021-10-19 07:10:17'),
(126, 37, 'Shinyalu', '2021-10-19 07:13:26'),
(127, 37, 'Ikolomani', '2021-10-19 07:16:16'),
(128, 37, 'Ainamoi', '2021-10-19 07:40:08'),
(129, 35, 'Ainamoi', '2021-10-19 07:40:59'),
(130, 35, 'Belgut', '2021-10-19 07:45:07'),
(131, 35, 'Bureti', '2021-10-19 07:56:02'),
(132, 35, 'Kipkelion East', '2021-10-19 08:00:21'),
(133, 35, 'Kipkelion West', '2021-10-19 08:02:16'),
(134, 35, 'Sigowet–Soin', '2021-10-19 08:06:27'),
(135, 20, 'Mwea', '2021-10-19 08:17:44'),
(136, 20, 'Gichugu', '2021-10-19 08:18:09'),
(137, 20, 'Ndia', '2021-10-19 08:18:22'),
(138, 20, 'Kirinyaga Central', '2021-10-19 08:18:40'),
(139, 45, 'Bobasi', '2021-10-19 08:28:34'),
(140, 45, 'Bomachoge Borabu', '2021-10-19 08:34:21'),
(141, 45, 'Bomachoge Chache', '2021-10-19 08:36:01'),
(142, 45, 'Bonchari', '2021-10-19 08:37:30'),
(143, 45, 'Kitutu Chache North', '2021-10-19 08:39:18'),
(144, 45, 'Kitutu Chache South', '2021-10-19 08:41:05'),
(145, 45, 'Nyaribari Chache', '2021-10-19 08:43:08'),
(146, 45, 'Nyaribari Masaba', '2021-10-19 08:45:28'),
(147, 45, 'South Mugirango', '2021-10-19 08:47:24'),
(148, 42, 'Kisumu East', '2021-10-19 09:04:27'),
(149, 42, 'Kisumu West', '2021-10-19 09:06:34'),
(150, 42, 'Kisumu Central', '2021-10-19 09:13:26'),
(151, 42, 'Seme', '2021-10-19 09:16:01'),
(152, 42, 'Nyando', '2021-10-19 09:18:02'),
(153, 42, 'Muhoroni', '2021-10-19 09:19:54'),
(154, 42, 'Nyakach', '2021-10-19 09:22:38'),
(155, 15, 'Mwingi North', '2021-10-19 09:27:09'),
(156, 15, 'Mwingi West', '2021-10-19 09:29:35'),
(157, 15, 'Mwingi Central', '2021-10-19 09:32:08'),
(158, 15, 'Kitui West', '2021-10-19 09:34:36'),
(159, 15, 'Kitui Rural', '2021-10-19 09:36:27'),
(160, 15, 'Kitui Central', '2021-10-19 09:38:27'),
(161, 15, 'Kitui East', '2021-10-19 09:41:24'),
(162, 15, 'Kitui South', '2021-10-19 09:46:35'),
(163, 31, 'Laikipia West', '2021-10-19 10:04:17'),
(164, 31, 'Laikipia east', '2021-10-19 10:35:24'),
(165, 31, 'Laikipia North', '2021-10-19 10:57:39'),
(166, 16, 'Masinga', '2021-10-19 11:06:33'),
(167, 16, 'Yatta', '2021-10-19 11:08:56'),
(168, 16, 'Kangundo', '2021-10-19 11:11:01'),
(169, 16, 'Matungulu', '2021-10-19 11:13:24'),
(170, 16, 'Kathiani', '2021-10-19 11:16:07'),
(171, 16, 'Mavoko', '2021-10-19 11:18:16'),
(172, 16, 'Machakos Town', '2021-10-19 11:20:24'),
(173, 16, 'Mwala', '2021-10-19 11:23:25'),
(174, 17, 'Wote', '2021-10-19 11:35:16'),
(175, 17, 'Kaiti', '2021-10-19 11:44:07'),
(176, 17, 'Kibwezi East', '2021-10-19 11:44:54'),
(177, 17, 'Kibwezi West', '2021-10-19 11:52:22'),
(178, 17, 'Kilome', '2021-10-19 11:52:43'),
(179, 17, 'Mbooni', '2021-10-19 11:56:10'),
(180, 17, 'Makueni', '2021-10-19 11:56:31'),
(181, 9, 'Mandera', '2021-10-19 12:35:13'),
(182, 9, 'West Banisa', '2021-10-19 12:35:34'),
(183, 9, 'Mandera East', '2021-10-19 12:35:48'),
(184, 9, 'Lafey', '2021-10-19 12:36:12'),
(185, 9, 'Mandera South', '2021-10-19 12:36:26'),
(186, 9, 'Mandera North', '2021-10-19 12:36:40'),
(187, 10, 'Moyale', '2021-10-19 13:24:30'),
(188, 10, 'North Horr', '2021-10-19 13:33:28'),
(189, 10, 'Saku', '2021-10-19 13:38:53'),
(190, 10, 'Laisamis', '2021-10-19 13:41:22'),
(191, 44, 'Awendo', '2021-10-19 13:46:32'),
(192, 44, 'Kuria East', '2021-10-19 13:51:36'),
(193, 44, 'Kuria West', '2021-10-19 14:08:27'),
(194, 44, 'Nyatike', '2021-10-19 14:13:33'),
(195, 44, 'Rongo', '2021-10-19 14:18:33'),
(196, 44, 'Suna East', '2021-10-19 14:22:36'),
(197, 44, 'Suna West', '2021-10-19 14:25:18'),
(198, 44, 'Uriri', '2021-10-19 14:27:48'),
(199, 21, 'Kangema', '2021-10-19 14:39:24'),
(200, 21, 'Kiharu', '2021-10-19 14:42:22'),
(201, 21, 'Mathioya', '2021-10-19 14:48:59'),
(202, 21, 'Kigumo', '2021-10-19 14:58:24'),
(203, 21, 'Kandara', '2021-10-19 15:00:54'),
(204, 21, 'Maragua', '2021-10-19 15:07:06'),
(205, 21, 'Gatanga', '2021-10-19 15:12:37'),
(206, 32, 'Naivasha', '2021-10-21 05:56:39'),
(207, 32, 'Nakuru Town West', '2021-10-21 06:00:50'),
(208, 32, 'Nakuru Town East', '2021-10-21 06:05:24'),
(209, 32, 'Kuresoi South', '2021-10-21 06:10:51'),
(210, 32, 'Kuresoi North', '2021-10-21 06:13:37'),
(211, 32, 'Molo', '2021-10-21 06:16:10'),
(212, 32, 'Rongai', '2021-10-21 06:18:10'),
(213, 32, 'Subukia', '2021-10-21 06:20:32'),
(214, 32, 'Njoro', '2021-10-21 06:22:48'),
(215, 32, 'Gilgil', '2021-10-21 06:25:28'),
(216, 32, 'Bahati', '2021-10-21 06:29:14'),
(217, 29, 'Aldai', '2021-10-21 07:38:36'),
(218, 29, 'Chesumei', '2021-10-21 07:41:36'),
(219, 29, 'Emgwen', '2021-10-21 07:43:36'),
(220, 29, 'Mosop', '2021-10-21 07:45:15'),
(221, 29, 'Nandi Hills', '2021-10-21 07:47:46'),
(222, 29, 'Tinderet', '2021-10-21 07:50:30'),
(223, 33, 'Narok North', '2021-10-21 07:53:19'),
(224, 33, 'Narok South', '2021-10-21 08:01:57'),
(225, 33, 'Narok East', '2021-10-21 08:07:57'),
(226, 33, 'Narok West', '2021-10-21 08:10:14'),
(227, 33, 'Emurua Dikirr', '2021-10-21 08:13:05'),
(228, 33, 'Kilgoris', '2021-10-21 08:15:20'),
(229, 46, 'West Mugirango', '2021-10-21 08:24:10'),
(230, 46, 'Kitutu Masaba', '2021-10-21 08:28:30'),
(231, 46, 'North Mugirango', '2021-10-21 08:32:59'),
(232, 46, 'Borabu', '2021-10-21 08:40:33'),
(233, 18, 'Kinangop', '2021-10-21 08:59:01'),
(234, 18, 'Kipipiri', '2021-10-21 09:02:38'),
(235, 18, 'Ol Kalou', '2021-10-21 09:04:52'),
(236, 18, 'Ol Jorok', '2021-10-21 09:08:04'),
(237, 18, 'Ndaragwa', '2021-10-21 09:12:08'),
(238, 19, 'Tetu', '2021-10-21 09:21:41'),
(239, 19, 'Kieni', '2021-10-21 09:23:50'),
(240, 19, 'Mathira', '2021-10-21 09:27:08'),
(241, 19, 'Othaya', '2021-10-21 09:31:57'),
(242, 19, 'Mukurweini', '2021-10-21 09:37:10'),
(243, 19, 'Nyeri Town', '2021-10-21 09:40:17'),
(244, 25, 'Samburu West', '2021-10-21 09:47:53'),
(245, 25, 'Samburu North', '2021-10-21 09:50:54'),
(246, 25, 'Samburu East', '2021-10-21 09:59:00'),
(247, 41, 'Ugenya', '2021-10-21 10:04:30'),
(248, 41, 'Ugunja', '2021-10-21 10:06:36'),
(249, 41, 'Alego Usonga', '2021-10-21 10:09:23'),
(250, 41, 'Gem', '2021-10-21 10:13:44'),
(251, 41, 'Bondo', '2021-10-21 10:16:16'),
(252, 41, 'Rarieda', '2021-10-21 10:19:05'),
(253, 6, 'Taveta', '2021-10-21 11:16:19'),
(254, 6, 'Wundanyi', '2021-10-21 11:30:13'),
(255, 6, 'Mwatate', '2021-10-21 11:35:19'),
(256, 6, 'Voi', '2021-10-21 11:40:59'),
(257, 4, 'Bura', '2021-10-21 11:58:52'),
(258, 4, 'Galole', '2021-10-21 12:02:28'),
(259, 4, 'Garsen', '2021-10-21 12:19:09'),
(260, 13, 'Maara', '2021-10-21 12:24:36'),
(261, 13, 'Chuka/Igambang’ombe', '2021-10-21 12:28:17'),
(262, 13, 'Tharaka', '2021-10-21 12:31:49'),
(263, 26, 'Cherangany', '2021-10-21 12:36:45'),
(264, 26, 'Kwanza', '2021-10-21 12:41:01'),
(265, 26, 'Saboti', '2021-10-21 12:45:04'),
(266, 26, 'Endebess', '2021-10-21 12:55:35'),
(267, 26, 'Kiminini', '2021-10-21 12:58:15'),
(268, 23, 'Loima', '2021-10-21 13:04:48'),
(269, 23, 'Turkana Central', '2021-10-21 13:08:41'),
(270, 23, 'Turkana East', '2021-10-21 13:21:02'),
(271, 23, 'Turkana North', '2021-10-21 13:24:05'),
(272, 23, 'Turkana South', '2021-10-21 13:39:15'),
(273, 23, 'Turkana West', '2021-10-21 13:46:48'),
(274, 27, 'Ainabkoi', '2021-10-21 13:52:58'),
(275, 27, 'Kapseret', '2021-10-21 13:58:10'),
(276, 27, 'Kesses', '2021-10-21 14:05:28'),
(277, 27, 'Moiben', '2021-10-21 14:08:27'),
(278, 27, 'Soy', '2021-10-21 14:12:44'),
(279, 27, 'Turbo', '2021-10-21 14:18:50'),
(280, 38, 'Emuhaya', '2021-10-22 07:18:33'),
(281, 38, 'Hamisi', '2021-10-22 07:21:49'),
(282, 38, 'Sabatia', '2021-10-22 07:44:41'),
(283, 38, 'Vihiga', '2021-10-22 07:48:02'),
(284, 38, 'Luanda', '2021-10-22 07:51:22'),
(285, 8, 'Wajir North', '2021-10-22 07:55:38'),
(286, 8, 'Wajir East', '2021-10-22 07:58:31'),
(287, 8, 'Tarbaj', '2021-10-22 08:00:19'),
(288, 8, 'Wajir west', '2021-10-22 08:02:32'),
(289, 8, 'Eldas', '2021-10-22 08:04:45'),
(290, 8, 'Wajir South', '2021-10-22 08:06:52'),
(291, 24, 'Kapenguria', '2021-10-22 08:11:59'),
(292, 24, 'Kacheliba', '2021-10-22 08:23:19'),
(293, 24, 'Pokot South', '2021-10-22 08:26:07'),
(294, 24, 'Sigor', '2021-10-22 08:28:24'),
(295, 47, 'CBD', '2021-10-28 09:52:53');

-- --------------------------------------------------------

--
-- Table structure for table `deli_streets`
--

CREATE TABLE `deli_streets` (
  `id` int(11) NOT NULL,
  `county_id` int(11) NOT NULL,
  `region_id` int(11) NOT NULL,
  `street_name` varchar(255) NOT NULL,
  `amount` varchar(255) NOT NULL,
  `date_created` datetime NOT NULL DEFAULT current_timestamp()
) ENGINE=InnoDB DEFAULT CHARSET=utf8mb4;

--
-- Dumping data for table `deli_streets`
--

INSERT INTO `deli_streets` (`id`, `county_id`, `region_id`, `street_name`, `amount`, `date_created`) VALUES
(2, 47, 1, 'Kitisuru', '1000', '2021-09-22 09:59:59'),
(3, 47, 1, 'Parklands/Highridge', '1000', '2021-09-22 10:11:19'),
(4, 47, 1, 'Kangemi', '500', '2021-09-22 10:13:23'),
(5, 47, 1, 'Karura', '500', '2021-09-22 10:14:19'),
(6, 47, 1, 'Mountain View', '1000', '2021-09-22 10:14:57'),
(7, 47, 2, 'kilimani', '300', '2021-10-15 08:14:21'),
(8, 47, 2, 'Kawangware', '300', '2021-10-15 08:15:06'),
(9, 47, 2, 'Gatina', '300', '2021-10-15 08:16:03'),
(10, 47, 2, 'kileleshwa', '500', '2021-10-15 08:16:33'),
(11, 47, 2, 'kabiro', '500', '2021-10-15 08:17:22'),
(12, 47, 3, 'mutu-ini', '300', '2021-10-15 08:20:03'),
(13, 47, 3, 'Ng\'ando', '500', '2021-10-15 08:20:54'),
(14, 47, 3, 'Riruta', '300', '2021-10-15 08:21:47'),
(15, 47, 3, 'uthiru/Ruthimitu', '300', '2021-10-15 08:22:28'),
(16, 47, 3, 'Waithaka', '300', '2021-10-15 08:23:32'),
(17, 47, 4, 'karen', '300', '2021-10-15 08:24:04'),
(18, 47, 4, 'Nairobi West', '300', '2021-10-15 08:24:46'),
(19, 47, 4, 'Nyayo Highrise', '300', '2021-10-15 08:25:36'),
(20, 47, 4, 'South C', '500', '2021-10-15 08:26:17'),
(21, 47, 5, 'Laini Saba', '300', '2021-10-15 08:26:57'),
(22, 47, 5, 'Lindi', '300', '2021-10-15 08:27:27'),
(23, 47, 5, 'Makinda', '300', '2021-10-15 08:28:09'),
(24, 47, 5, 'Woodley-Kenyatta Golf Course', '300', '2021-10-15 08:29:24'),
(25, 47, 5, 'Sarang\'ombe', '300', '2021-10-15 08:30:06'),
(26, 47, 6, 'Githurai', '300', '2021-10-15 08:30:30'),
(27, 47, 6, 'Kahawa West', '300', '2021-10-15 08:31:14'),
(28, 47, 6, 'Zimmerman', '300', '2021-10-15 08:31:44'),
(29, 47, 6, 'Roysambu', '300', '2021-10-15 08:32:34'),
(30, 47, 6, 'Kahawa', '300', '2021-10-15 08:33:03'),
(31, 47, 7, 'Clay City', '300', '2021-10-15 08:34:15'),
(32, 47, 7, 'Mwiki', '300', '2021-10-15 08:34:40'),
(33, 47, 7, 'Kasarani', '300', '2021-10-15 08:35:04'),
(34, 47, 7, 'Njiru Shopping', '300', '2021-10-15 08:35:44'),
(35, 47, 7, 'Ruai', '300', '2021-10-15 08:36:05'),
(36, 47, 8, 'Baba Dogo', '300', '2021-10-15 08:36:36'),
(37, 47, 8, 'Utalii', '300', '2021-10-15 08:37:10'),
(38, 47, 8, 'Mathare North', '300', '2021-10-15 08:37:40'),
(39, 47, 8, 'Lucky Summer', '300', '2021-10-15 08:38:16'),
(40, 47, 8, 'Korogocho', '300', '2021-10-15 08:38:46'),
(41, 47, 9, 'Imara Daima', '300', '2021-10-15 08:39:27'),
(42, 47, 9, 'Kwa Njenga', '300', '2021-10-15 08:40:05'),
(43, 47, 9, 'Kwa Reuben', '300', '2021-10-15 08:40:35'),
(44, 47, 9, 'Pipeline', '300', '2021-10-15 08:41:05'),
(45, 47, 9, 'Kware', '300', '2021-10-15 08:41:33'),
(46, 47, 10, 'Kariobangi North', '300', '2021-10-15 08:42:20'),
(47, 47, 10, 'Dandora Area 1', '300', '2021-10-15 08:43:10'),
(48, 47, 10, 'Dandora Area I', '300', '2021-10-15 08:44:43'),
(49, 47, 10, 'Dandora Area II', '300', '2021-10-15 08:45:08'),
(50, 47, 10, 'Dandora Area III', '300', '2021-10-15 08:45:35'),
(51, 47, 10, 'Dandora Area IV', '300', '2021-10-15 08:46:03'),
(52, 47, 11, 'Kayole North', '300', '2021-10-15 08:46:48'),
(53, 47, 11, 'Kariobangi NorthCentral', '300', '2021-10-15 08:47:15'),
(54, 47, 11, 'Kayole South', '300', '2021-10-15 08:47:47'),
(55, 47, 11, 'Komarock', '300', '2021-10-15 08:48:15'),
(56, 47, 11, 'Chokaa', '300', '2021-10-15 08:48:40'),
(57, 47, 11, 'Matopeni/Spring Valley', '300', '2021-10-15 08:49:50'),
(58, 47, 12, 'Upper Savanna', '300', '2021-10-15 08:50:38'),
(59, 47, 12, 'Lower Savanna', '300', '2021-10-15 08:51:26'),
(60, 47, 12, 'Embakasi', '300', '2021-10-15 08:51:56'),
(61, 47, 12, 'Utawala', '300', '2021-10-15 08:52:23'),
(62, 47, 12, 'Mihang\'o', '300', '2021-10-15 08:52:52'),
(63, 47, 13, 'Umoja I', '300', '2021-10-15 08:53:22'),
(64, 47, 13, 'Umoja II', '300', '2021-10-15 08:53:49'),
(65, 47, 13, 'Mowlem', '300', '2021-10-15 08:54:33'),
(66, 47, 13, 'Kariobangi South', '300', '2021-10-15 08:55:21'),
(67, 47, 14, 'Maringo/Hamza', '300', '2021-10-15 08:56:00'),
(68, 47, 14, 'Viwandani', '300', '2021-10-15 08:56:30'),
(69, 47, 14, 'Harambee', '300', '2021-10-15 08:56:57'),
(70, 47, 14, 'Makongeni', '300', '2021-10-15 08:57:30'),
(71, 47, 15, 'Pumwani', '300', '2021-10-15 08:58:04'),
(72, 47, 15, 'Eastleigh North', '300', '2021-10-15 08:58:48'),
(73, 47, 15, 'Eastleigh South', '300', '2021-10-15 08:59:24'),
(74, 47, 15, 'Airbase', '300', '2021-10-15 08:59:50'),
(75, 47, 15, 'California', '300', '2021-10-15 09:00:18'),
(76, 47, 16, 'Nairobi Central', '300', '2021-10-15 09:00:55'),
(77, 47, 16, 'Ngara', '300', '2021-10-15 09:01:32'),
(78, 47, 16, 'Pangani', '300', '2021-10-15 09:02:03'),
(79, 47, 16, 'Ziwani/Kariokor', '300', '2021-10-15 09:02:51'),
(80, 47, 16, 'Landimawe', '300', '2021-10-15 09:03:22'),
(81, 47, 16, 'Nairobi South', '300', '2021-10-15 09:04:03'),
(82, 47, 17, 'Hospital', '300', '2021-10-15 09:04:37'),
(83, 47, 17, 'Mabatini', '300', '2021-10-15 09:05:18'),
(84, 47, 17, 'Huruma', '300', '2021-10-15 09:05:55'),
(85, 47, 17, 'Ngei', '300', '2021-10-15 09:06:29'),
(86, 47, 17, 'Mlango Kubwa', '300', '2021-10-15 09:07:00'),
(87, 47, 17, 'Kiamaiko', '300', '2021-10-15 09:07:32'),
(88, 22, 18, 'Githunguri', '500', '2021-10-15 09:34:49'),
(89, 22, 18, 'Githiga', '300', '2021-10-15 09:35:18'),
(90, 22, 18, 'Githunguri', '300', '2021-10-15 09:37:50'),
(91, 22, 18, 'Ikinu', '300', '2021-10-15 09:38:59'),
(92, 22, 18, 'Ngewa', '300', '2021-10-15 09:39:26'),
(93, 22, 18, 'Komothai 3', '300', '2021-10-15 09:39:57'),
(94, 22, 19, 'Cianda', '300', '2021-10-15 09:40:42'),
(95, 22, 18, 'Karuri', '300', '2021-10-15 09:41:45'),
(96, 22, 19, 'Githunguri', '300', '2021-10-15 09:42:58'),
(97, 22, 19, 'Karuri', '300', '2021-10-15 09:45:35'),
(98, 22, 19, 'Ndenderu', '300', '2021-10-15 09:47:30'),
(99, 22, 19, 'Muchatha', '300', '2021-10-15 09:50:47'),
(100, 22, 19, 'Kihara', '300', '2021-10-15 09:51:20'),
(101, 22, 20, 'Gitaru', '300', '2021-10-15 09:51:54'),
(102, 22, 20, 'Muguga', '300', '2021-10-15 09:54:17'),
(103, 22, 20, 'Nyathuna', '300', '2021-10-15 09:54:48'),
(104, 22, 20, 'Kabete', '300', '2021-10-15 09:55:32'),
(105, 22, 20, 'Uthiru', '300', '2021-10-15 09:57:30'),
(106, 22, 21, 'Bibirioni', '300', '2021-10-15 09:58:25'),
(107, 22, 21, 'Limuru Central', '300', '2021-10-15 09:59:21'),
(108, 22, 21, 'Ndeiya', '300', '2021-10-15 10:03:02'),
(109, 22, 21, 'Limuru East', '300', '2021-10-15 10:04:24'),
(110, 22, 29, 'Ngecha Tigoni', '300', '2021-10-15 10:10:22'),
(111, 22, 22, 'Kinale', '300', '2021-10-15 10:11:51'),
(112, 22, 22, 'Kijabe', '300', '2021-10-15 10:12:19'),
(113, 22, 22, 'Nyanduma', '300', '2021-10-15 10:12:56'),
(114, 22, 22, 'Kamburu', '300', '2021-10-15 10:14:32'),
(115, 22, 22, 'Lari/Kirenga', '300', '2021-10-15 10:15:35'),
(116, 22, 23, 'Gituamba', '300', '2021-10-15 10:16:26'),
(117, 22, 23, 'Githobokoni', '300', '2021-10-15 10:16:57'),
(118, 22, 23, 'Chania', '300', '2021-10-15 10:17:40'),
(119, 22, 23, 'Mang\'u', '300', '2021-10-15 10:18:39'),
(120, 22, 24, 'Kiamwangi', '300', '2021-10-15 10:19:57'),
(121, 22, 24, 'Kiganjo', '300', '2021-10-15 10:21:15'),
(122, 22, 24, 'Ndarugo', '300', '2021-10-15 10:24:39'),
(123, 22, 24, 'Ngenda', '300', '2021-10-15 10:31:21'),
(124, 22, 25, 'Gitothua', '300', '2021-10-15 10:32:57'),
(125, 22, 25, 'Biashara', '300', '2021-10-15 10:33:56'),
(126, 22, 25, 'Gatongora', '300', '2021-10-15 10:34:27'),
(127, 22, 25, 'Kahawa sukari', '300', '2021-10-15 10:35:47'),
(128, 22, 25, 'Kahawa Wendani', '300', '2021-10-15 10:36:40'),
(129, 22, 25, 'Kiuu', '300', '2021-10-15 10:38:49'),
(130, 22, 25, 'Mwiki', '300', '2021-10-15 10:39:29'),
(131, 22, 25, 'Mwihoko 1', '300', '2021-10-15 10:40:07'),
(132, 22, 26, 'Karai', '300', '2021-10-15 10:40:47'),
(133, 22, 26, 'Nachu', '300', '2021-10-15 10:41:16'),
(134, 22, 26, 'Sigona', '300', '2021-10-15 10:43:53'),
(135, 22, 26, 'Kikuyu', '300', '2021-10-15 10:44:30'),
(136, 22, 26, 'Kinoo', '300', '2021-10-15 10:45:07'),
(137, 22, 27, 'Murera', '300', '2021-10-15 10:45:48'),
(138, 22, 27, 'Theta', '300', '2021-10-15 10:46:23'),
(139, 22, 27, 'Juja', '300', '2021-10-15 10:47:28'),
(140, 22, 27, 'Juja', '300', '2021-10-15 10:47:42'),
(141, 22, 27, 'Juja', '300', '2021-10-15 10:47:44'),
(142, 22, 27, 'Juja', '300', '2021-10-15 10:48:22'),
(143, 22, 27, 'Witeithie', '300', '2021-10-15 10:50:17'),
(144, 22, 27, 'Kalimoni', '300', '2021-10-15 10:50:51'),
(145, 22, 28, 'Township', '3', '2021-10-15 10:51:29'),
(146, 22, 28, 'Kamenu', '300', '2021-10-15 10:51:54'),
(147, 22, 28, 'Hospita', '300', '2021-10-15 10:52:24'),
(148, 22, 28, 'Gatuanyaga', '300', '2021-10-15 10:53:16'),
(149, 22, 29, 'Ting\'ang\'a', '300', '2021-10-15 10:53:52'),
(150, 22, 29, 'Ndumberi 3', '300', '2021-10-15 10:54:22'),
(151, 22, 29, 'Riabai', '300', '2021-10-15 10:54:44'),
(152, 22, 29, 'Township', '300', '2021-10-15 10:55:12'),
(153, 1, 30, 'Port Reitz', '300', '2021-10-15 11:29:20'),
(154, 1, 30, 'Kipevu', '300', '2021-10-15 11:29:53'),
(155, 1, 30, 'Airport', '300', '2021-10-15 11:31:46'),
(156, 1, 30, 'Changamwe', '300', '2021-10-15 11:32:11'),
(157, 1, 30, 'Chaani', '300', '2021-10-15 11:32:34'),
(158, 1, 32, 'Jomvu Kuu', '300', '2021-10-15 11:33:04'),
(159, 1, 32, 'Miritini', '300', '2021-10-15 11:33:41'),
(160, 1, 32, 'Mikindani', '300', '2021-10-15 11:34:06'),
(161, 1, 33, 'Mjambere', '300', '2021-10-15 11:34:58'),
(162, 1, 33, 'Junda', '300', '2021-10-15 11:35:18'),
(163, 1, 33, 'Bamburi', '300', '2021-10-15 11:35:37'),
(164, 1, 33, 'Mwakirunge', '300', '2021-10-15 11:36:14'),
(165, 1, 33, 'Mtopanga', '300', '2021-10-15 11:36:46'),
(166, 1, 33, 'Magogoni', '300', '2021-10-15 11:37:19'),
(167, 1, 33, 'Shanzu', '300', '2021-10-15 11:37:47'),
(168, 1, 34, 'Free Town', '300', '2021-10-15 11:38:39'),
(169, 1, 34, 'Ziwa la Ngombe', '300', '2021-10-15 11:39:19'),
(170, 1, 34, 'Mkomani', '300', '2021-10-15 11:39:53'),
(171, 1, 34, 'Kongowea', '300', '2021-10-15 11:40:20'),
(172, 1, 34, 'Kadzandani', '300', '2021-10-15 11:48:52'),
(173, 1, 35, 'Mtongwe', '300', '2021-10-15 11:49:17'),
(174, 1, 35, 'Shika adabu', '300', '2021-10-15 11:49:39'),
(175, 1, 35, 'Bofu', '300', '2021-10-15 11:49:56'),
(176, 1, 35, 'Likoni', '300', '2021-10-15 11:50:22'),
(177, 1, 35, 'Timbwani', '300', '2021-10-15 11:50:43'),
(178, 1, 36, 'Mji wa Kale/Makadara', '300', '2021-10-15 11:52:38'),
(179, 1, 36, 'Tudor', '300', '2021-10-15 11:52:59'),
(180, 1, 36, 'Tononoka', '300', '2021-10-15 11:53:18'),
(181, 1, 36, 'Majengo', '300', '2021-10-15 11:53:39'),
(182, 1, 36, 'Majengo Ganjoni/Shimanzi', '300', '2021-10-15 11:54:21'),
(183, 3, 37, 'Tezo', '500', '2021-10-15 12:27:49'),
(184, 3, 37, 'Sokoni', '500', '2021-10-15 12:28:08'),
(185, 3, 37, 'Kibarani', '500', '2021-10-15 12:28:27'),
(186, 3, 37, 'Dabaso', '500', '2021-10-15 12:28:46'),
(187, 3, 37, 'Matsangoni', '500', '2021-10-15 12:29:07'),
(188, 3, 37, 'Watamu', '500', '2021-10-15 12:29:35'),
(189, 3, 37, 'Mnarani', '500', '2021-10-15 12:29:55'),
(190, 3, 38, 'Junju', '500', '2021-10-15 12:30:19'),
(191, 3, 38, 'Mwarakaya', '500', '2021-10-15 12:30:46'),
(192, 3, 38, 'Shimo La Tewa', '500', '2021-10-15 12:31:16'),
(193, 3, 38, 'Chasimba', '500', '2021-10-15 12:31:39'),
(194, 3, 38, 'Mtepeni', '500', '2021-10-15 12:32:05'),
(195, 3, 39, 'Mariakani', '500', '2021-10-15 12:32:30'),
(196, 3, 39, 'Kayafungo', '500', '2021-10-15 12:33:15'),
(197, 3, 39, 'Kaloleni', '500', '2021-10-15 12:33:39'),
(198, 3, 39, 'Mwana Mwinga', '500', '2021-10-15 12:34:09'),
(199, 3, 40, 'Mwawesa', '500', '2021-10-15 12:34:34'),
(200, 3, 40, 'Ruruma', '500', '2021-10-15 12:34:57'),
(201, 3, 40, 'Kambe-Ribe', '500', '2021-10-15 12:35:28'),
(202, 3, 40, 'Rabai-Kisurutuni', '500', '2021-10-15 12:36:07'),
(203, 3, 41, 'Ganze', '500', '2021-10-15 12:36:32'),
(204, 3, 41, 'Bamba', '500', '2021-10-15 12:36:58'),
(205, 3, 41, 'Jaribuni', '500', '2021-10-15 12:37:26'),
(206, 3, 41, 'Sokoke', '500', '2021-10-15 12:37:59'),
(207, 3, 42, 'Jilore', '500', '2021-10-15 12:39:10'),
(208, 3, 42, 'Kakuyuni', '500', '2021-10-15 12:39:33'),
(209, 3, 42, 'Ganda', '500', '2021-10-15 12:39:53'),
(210, 3, 42, 'Malindi Town', '500', '2021-10-15 12:40:17'),
(211, 3, 42, 'Shella', '500', '2021-10-15 12:40:38'),
(212, 3, 43, 'Maarafa', '500', '2021-10-15 12:40:58'),
(213, 3, 43, 'Magarini', '500', '2021-10-15 12:41:16'),
(214, 3, 43, 'Gongoni', '500', '2021-10-15 12:41:34'),
(215, 3, 43, 'Adu', '500', '2021-10-15 12:41:54'),
(216, 3, 43, 'Garashi', '500', '2021-10-15 12:42:14'),
(217, 3, 43, 'Sabaki', '500', '2021-10-15 12:42:41'),
(218, 5, 48, 'Shella', '500', '2021-10-15 14:40:46'),
(219, 5, 48, 'Mkomani', '500', '2021-10-15 14:41:09'),
(220, 5, 48, 'Hindi', '500', '2021-10-15 14:41:29'),
(221, 5, 48, 'Mkunumbi', '500', '2021-10-15 14:41:53'),
(222, 5, 48, 'Hongwe', '500', '2021-10-15 14:42:19'),
(223, 5, 48, 'Bahari', '500', '2021-10-15 14:42:38'),
(224, 5, 48, 'Witu', '500', '2021-10-15 14:43:00'),
(225, 5, 49, 'Faza', '500', '2021-10-15 14:43:25'),
(226, 5, 49, 'Basuba', '500', '2021-10-15 14:43:44'),
(227, 5, 49, 'Kiunga', '500', '2021-10-15 14:44:08'),
(228, 12, 50, 'Municipality', '500', '2021-10-16 08:37:16'),
(229, 12, 50, 'Ntima East', '500', '2021-10-16 08:37:48'),
(230, 12, 50, 'Ntima West', '500', '2021-10-16 08:38:26'),
(231, 12, 50, 'Nyaki East', '500', '2021-10-16 08:38:53'),
(232, 12, 50, 'Nyaki West', '500', '2021-10-16 08:39:16'),
(233, 12, 51, 'Abogeta East', '500', '2021-10-16 08:42:04'),
(234, 12, 51, 'Abogeta West', '500', '2021-10-16 08:42:36'),
(235, 12, 51, 'Igoji West', '500', '2021-10-16 08:43:19'),
(236, 12, 51, 'Igoji East', '500', '2021-10-16 08:43:51'),
(237, 12, 51, 'Nkuene', '500', '2021-10-16 08:44:30'),
(238, 12, 51, 'Mitunguu', '500', '2021-10-16 08:45:07'),
(239, 12, 52, 'Abothuguchi Central', '500', '2021-10-16 08:51:55'),
(240, 12, 52, 'Abothuguchi West', '500', '2021-10-16 08:53:10'),
(241, 12, 52, 'Kiagu', '500', '2021-10-16 09:21:50'),
(242, 12, 52, 'Mwanganthia', '300', '2021-10-16 09:22:20'),
(243, 12, 53, 'Kiirua Naari', '500', '2021-10-16 09:23:47'),
(244, 12, 53, 'Timau', '500', '2021-10-16 09:35:20'),
(245, 12, 53, 'Kisima', '500', '2021-10-16 09:36:17'),
(246, 12, 53, 'Kibirichia', '500', '2021-10-16 09:37:32'),
(247, 12, 53, 'Ruiri Rwarera', '500', '2021-10-16 09:45:01'),
(248, 12, 54, 'Kianjai', '500', '2021-10-16 09:48:05'),
(249, 12, 54, 'Nkomo', '500', '2021-10-16 09:48:23'),
(250, 12, 54, 'Mbei', '500', '2021-10-16 09:49:05'),
(251, 12, 54, 'Kianjai', '500', '2021-10-16 09:58:29'),
(252, 12, 54, 'Nkomo', '500', '2021-10-16 09:58:46'),
(253, 12, 54, 'Mbeu', '500', '2021-10-16 09:59:06'),
(254, 12, 54, 'Akiithi', '500', '2021-10-16 09:59:48'),
(255, 12, 54, 'Athwana', '500', '2021-10-16 10:00:07'),
(256, 12, 55, 'Muthara', '500', '2021-10-16 10:01:15'),
(257, 12, 55, 'Special', '500', '2021-10-16 10:01:33'),
(258, 12, 55, 'Karama', '500', '2021-10-16 10:01:51'),
(259, 12, 55, 'Kiguchwa', '500', '2021-10-16 10:02:13'),
(260, 12, 55, 'Mikinduri', '500', '2021-10-16 10:02:31'),
(261, 12, 55, 'Thangata', '500', '2021-10-16 10:02:49'),
(262, 12, 56, 'Kangeta', '500', '2021-10-16 10:04:21'),
(263, 12, 56, 'Njia', '500', '2021-10-16 10:05:11'),
(264, 12, 56, 'Igembe East', '500', '2021-10-16 10:06:38'),
(265, 12, 56, 'Akirang\'ondu', '500', '2021-10-16 10:07:13'),
(266, 12, 56, 'Athiru Ruujine', '500', '2021-10-16 10:07:39'),
(267, 12, 57, 'Akachiu', '500', '2021-10-16 10:08:56'),
(268, 12, 57, 'Kanuni', '500', '2021-10-16 10:09:51'),
(269, 12, 57, 'Kegoi Antobuchiu', '500', '2021-10-16 10:10:19'),
(270, 12, 57, 'Maua', '500', '2021-10-16 10:10:38'),
(271, 12, 57, 'Athiru Gaiti', '500', '2021-10-16 10:11:01'),
(272, 12, 58, 'Amwathi', '500', '2021-10-16 10:11:58'),
(273, 12, 58, 'Naathu', '500', '2021-10-16 10:12:16'),
(274, 12, 58, 'Antubetwe Kiongo', 'Antuambui', '2021-10-16 10:12:52'),
(275, 12, 58, 'Ntuene', '500', '2021-10-16 10:13:11'),
(276, 30, 59, 'Marigat', '500', '2021-10-18 07:15:37'),
(277, 30, 59, 'Ilchamus', '500', '2021-10-18 07:16:06'),
(278, 30, 59, 'Mochongoi', '500', '2021-10-18 07:16:37'),
(279, 30, 59, 'Mukutani', '500', '2021-10-18 07:17:08'),
(280, 30, 60, 'Cheberen', '500', '2021-10-18 07:23:39'),
(281, 30, 60, 'Emining', '500', '2021-10-18 07:24:00'),
(282, 30, 60, 'Kakimor/Rosoga', '500', '2021-10-18 07:24:30'),
(283, 30, 60, 'Kamar', '500', '2021-10-18 07:24:47'),
(284, 30, 60, 'Kimng\'orom/Sirwa', '500', '2021-10-18 07:25:29'),
(285, 30, 60, 'Kisanana', '500', '2021-10-18 07:25:52'),
(286, 30, 60, 'Koibos-Soi', '500', '2021-10-18 07:26:18'),
(287, 30, 60, 'Lembus Kiptoim', '500', '2021-10-18 07:26:42'),
(288, 30, 60, 'Lembus Mogotio', '500', '2021-10-18 07:27:12'),
(289, 30, 60, 'Mugurin', '500', '2021-10-18 07:27:54'),
(290, 30, 60, 'Ol Kokwe', '500', '2021-10-18 07:28:51'),
(291, 30, 60, 'Sinende', '500', '2021-10-18 07:29:19'),
(292, 30, 61, 'Benonin', '500', '2021-10-18 07:31:40'),
(293, 30, 61, 'Kabimoi', '500', '2021-10-18 07:32:44'),
(294, 30, 61, 'Perkerra', '500', '2021-10-18 07:33:10'),
(295, 30, 61, 'Poror', '500', '2021-10-18 07:35:46'),
(296, 30, 61, 'Poror', '500', '2021-10-18 07:35:46'),
(297, 30, 61, 'Ravine', '500', '2021-10-18 07:37:32'),
(298, 30, 61, 'Solian', '500', '2021-10-18 07:39:51'),
(299, 30, 61, 'Solian', '500', '2021-10-18 07:39:51'),
(300, 30, 61, 'Kiplombe', '500', '2021-10-18 07:40:48'),
(301, 30, 61, 'Lembus Mosop', '500', '2021-10-18 07:41:13'),
(302, 30, 61, 'Lembus Torongo', '500', '2021-10-18 07:41:35'),
(303, 30, 61, 'Maji Mazuri', '500', '2021-10-18 07:42:23'),
(304, 30, 61, 'Mumberes', '500', '2021-10-18 07:51:28'),
(305, 30, 61, 'Mumberes', '500', '2021-10-18 07:54:38'),
(306, 30, 61, 'Saos/Kibiasis', '500', '2021-10-18 07:54:58'),
(307, 30, 61, 'Sigoro', '500', '2021-10-18 07:55:51'),
(308, 30, 62, 'Chebano', '500', '2021-10-18 08:01:14'),
(309, 30, 62, 'Kaprogonya', '500', '2021-10-18 08:02:23'),
(310, 30, 62, 'Kapsoo/Borowonin', '500', '2021-10-18 08:02:55'),
(311, 30, 62, 'Kinyo', '500', '2021-10-18 08:03:20'),
(312, 30, 62, 'Kituro', '500', '2021-10-18 08:03:37'),
(313, 30, 62, 'Seguton', '500', '2021-10-18 08:03:58'),
(314, 30, 62, 'Chebinyiny/Arabal', '500', '2021-10-18 08:04:56'),
(315, 30, 62, 'Emom/Kisonei', '500', '2021-10-18 08:05:32'),
(316, 30, 62, 'Ewalel Soi/Kimondis', '500', '2021-10-18 08:06:03'),
(317, 30, 62, 'Ilchamus', '500', '2021-10-18 08:06:42'),
(318, 30, 62, 'Kabarnet Soi', '500', '2021-10-18 08:07:05'),
(319, 30, 62, 'Kabasis', '500', '2021-10-18 08:08:12'),
(320, 30, 62, 'Kimalel', '500', '2021-10-18 08:08:33'),
(321, 30, 62, 'Loboi', '500', '2021-10-18 08:08:56'),
(322, 30, 62, 'Marigat', '500', '2021-10-18 08:09:24'),
(323, 30, 62, 'Mochongoi', '500', '2021-10-18 08:09:47'),
(324, 30, 62, 'Mukutani', '500', '2021-10-18 08:10:09'),
(325, 30, 62, 'Ng\'ambo', '500', '2021-10-18 08:10:31'),
(326, 30, 62, 'Ng\'et Moi', '500', '2021-10-18 08:10:56'),
(327, 30, 62, 'Orokwo', '500', '2021-10-18 08:11:19'),
(328, 30, 62, 'Sacho Mosop', '500', '2021-10-18 08:11:40'),
(329, 30, 62, 'Sacho Soi', '500', '2021-10-18 08:12:05'),
(330, 30, 62, 'Salabani', '500', '2021-10-18 08:12:24'),
(331, 30, 62, 'Talai/Ewalel', '500', '2021-10-18 08:12:56'),
(332, 30, 62, 'Tenges', '500', '2021-10-18 08:13:20'),
(333, 30, 63, 'Bartum', '500', '2021-10-18 08:14:25'),
(334, 30, 63, 'Kaboskei / Kipkata', '500', '2021-10-18 08:14:47'),
(335, 30, 63, 'Kaboskei Kerio', '500', '2021-10-18 08:15:15'),
(336, 30, 63, 'Kabutiei', '500', '2021-10-18 08:15:39'),
(337, 30, 63, 'Katiorin / Saimo South', '500', '2021-10-18 08:16:00'),
(338, 30, 63, 'Kelyo / Ossen', '500', '2021-10-18 08:16:24'),
(339, 30, 63, 'Lawan', '500', '2021-10-18 08:16:45'),
(340, 30, 63, 'Ng\'orora', '500', '2021-10-18 08:17:11'),
(341, 30, 63, 'Saimo North', '500', '2021-10-18 08:17:31'),
(342, 30, 63, 'Sibilo', '500', '2021-10-18 08:18:00'),
(343, 30, 64, 'Tirioko', '500', '2021-10-18 08:20:06'),
(344, 30, 64, 'Kolowa', '500', '2021-10-18 08:20:28'),
(345, 30, 64, 'Ribikwo', '500', '2021-10-18 08:20:49'),
(346, 30, 64, 'Silale', '500', '2021-10-18 08:21:11'),
(347, 30, 64, 'Loiyamorok', '500', '2021-10-18 08:21:37'),
(348, 30, 64, 'Tangulbei/Korossi', '500', '2021-10-18 08:22:16'),
(349, 30, 64, 'Churo/Amaya', '500', '2021-10-18 08:22:36'),
(350, 36, 65, 'Silibwet', '500', '2021-10-18 08:26:08'),
(351, 36, 65, 'Singorwet', '500', '2021-10-18 08:26:41'),
(352, 36, 65, 'Ndarawetta', '500', '2021-10-18 08:27:06'),
(353, 36, 65, 'Chesoen', '500', '2021-10-18 08:27:48'),
(354, 36, 65, 'Mutarakwa', '500', '2021-10-18 08:28:46'),
(355, 36, 66, 'Longisa', '500', '2021-10-18 08:29:20'),
(356, 36, 66, 'Kembu', '500', '2021-10-18 08:30:40'),
(357, 36, 66, 'Chemaner', '500', '2021-10-18 08:31:43'),
(358, 36, 66, 'Merigi', '500', '2021-10-18 08:32:28'),
(359, 36, 66, 'Kipreres', '500', '2021-10-18 08:33:23'),
(360, 36, 67, 'Sigor', '500', '2021-10-18 08:34:46'),
(361, 36, 67, 'Kongasis', '500', '2021-10-18 08:35:34'),
(362, 36, 67, 'Chebunyo', '500', '2021-10-18 08:36:01'),
(363, 36, 67, 'Nyongores', '500', '2021-10-18 08:36:28'),
(364, 36, 67, 'Siongiroi', '500', '2021-10-18 08:37:54'),
(365, 36, 68, 'Ndanai/Abosi', '500', '2021-10-18 08:38:23'),
(366, 36, 68, 'Kipsonoi', '500', '2021-10-18 08:38:44'),
(367, 36, 68, 'Kapletundo', '500', '2021-10-18 08:39:18'),
(368, 36, 68, 'Chemagel', '500', '2021-10-18 08:39:41'),
(369, 36, 68, 'Manaret/Rongena', '500', '2021-10-18 08:40:07'),
(370, 36, 69, 'Kimulot', '500', '2021-10-18 08:40:37'),
(371, 36, 69, 'Mogogosiek', '500', '2021-10-18 08:41:06'),
(372, 36, 69, 'Boito', '500', '2021-10-18 08:41:45'),
(373, 36, 69, 'Embomos', '500', '2021-10-18 08:42:14'),
(374, 36, 69, 'Chepchabas', '500', '2021-10-18 08:42:38'),
(375, 39, 70, 'Kabuchai/Chwele', '500', '2021-10-18 08:54:59'),
(376, 39, 70, 'West Nalondo', '500', '2021-10-18 08:55:32'),
(377, 39, 70, 'Bwake/Luuya', '500', '2021-10-18 08:55:51'),
(378, 39, 70, 'Mukuyuni', '500', '2021-10-18 08:56:13'),
(379, 39, 70, 'South Bukusu', '500', '2021-10-18 08:56:33'),
(380, 39, 71, 'Khalaba', '500', '2021-10-18 08:57:27'),
(381, 39, 71, 'Mjini', '500', '2021-10-18 08:57:48'),
(382, 39, 71, 'Sinoko', '500', '2021-10-18 08:58:10'),
(383, 39, 71, 'Stadium', '500', '2021-10-18 08:58:29'),
(384, 39, 71, 'Marakaru/Tuuti', '500', '2021-10-18 08:58:52'),
(385, 39, 71, 'Bukembe west', '500', '2021-10-18 08:59:13'),
(386, 39, 71, 'Bukembe east', '500', '2021-10-18 08:59:39'),
(387, 39, 71, 'East Sang\'alo', '500', '2021-10-18 09:13:25'),
(388, 39, 71, 'West Sangalo', '500', '2021-10-18 09:13:46'),
(389, 39, 72, 'Chebukutumi', '500', '2021-10-18 09:20:17'),
(390, 39, 72, 'Chongoyi', '500', '2021-10-18 09:20:39'),
(391, 39, 72, 'Kulisiru', '500', '2021-10-18 09:21:13'),
(392, 39, 72, 'Ndakalu', '500', '2021-10-18 09:21:35'),
(393, 39, 72, 'Sitabicha / Mwalie East', '500', '2021-10-18 09:22:00'),
(394, 39, 72, 'Tamlega / Mwalie West', '500', '2021-10-18 09:22:28'),
(395, 39, 72, 'Chwele', '500', '2021-10-18 09:22:52'),
(396, 39, 72, 'Luuya / Sirare', '500', '2021-10-18 09:23:12'),
(397, 39, 72, 'Lwandanyi / Namubila', '500', '2021-10-18 09:23:33'),
(398, 39, 72, 'Mukuyuni', '500', '2021-10-18 09:23:54'),
(399, 39, 72, 'Namwela', '500', '2021-10-18 09:24:15'),
(400, 39, 72, 'North Bukusu', '500', '2021-10-18 09:24:36'),
(401, 39, 73, 'Kibingei', '500', '2021-10-18 09:25:39'),
(402, 39, 73, 'Kimilili township', '500', '2021-10-18 09:26:07'),
(403, 39, 73, 'Kimilili rural', '500', '2021-10-18 09:26:26'),
(404, 39, 73, 'Maeni', '500', '2021-10-18 09:26:59'),
(405, 39, 73, 'Kamukuywa', '500', '2021-10-18 09:27:40'),
(406, 39, 74, 'Mukwa', '500', '2021-10-18 09:29:11'),
(407, 39, 74, 'Siboti', '500', '2021-10-18 09:29:34'),
(408, 39, 74, 'Bumula', '500', '2021-10-18 09:29:53'),
(409, 39, 74, 'Kimaeti', '500', '2021-10-18 09:30:13'),
(410, 39, 74, 'Musikoma', '500', '2021-10-18 09:30:31'),
(411, 39, 74, 'Namasanda', '500', '2021-10-18 09:30:51'),
(412, 39, 74, 'Sio', '500', '2021-10-18 09:31:15'),
(413, 39, 74, 'Siritanyi', '500', '2021-10-18 09:31:35'),
(414, 39, 74, 'South Bukusu', '500', '2021-10-18 09:31:54'),
(415, 39, 74, 'West Bukusu', '500', '2021-10-18 09:32:11'),
(416, 39, 75, 'Mbakalo', '500', '2021-10-18 09:34:29'),
(417, 39, 75, 'Naitiri/Kabuyefwe', '500', '2021-10-18 09:34:56'),
(418, 39, 75, 'Milima', '500', '2021-10-18 09:35:16'),
(419, 39, 75, 'Ndalu/Tabani', '500', '2021-10-18 09:35:36'),
(420, 39, 75, 'Tongaren', '500', '2021-10-18 09:35:56'),
(421, 39, 75, 'Soysambu/Mitua', '500', '2021-10-18 09:39:01'),
(422, 39, 76, 'Bokoli', '500', '2021-10-18 09:40:56'),
(423, 39, 76, 'Chetambe', '500', '2021-10-18 09:41:19'),
(424, 39, 76, 'Misikhu', '500', '2021-10-18 09:41:38'),
(425, 39, 76, 'Nabuyole', '500', '2021-10-18 09:41:56'),
(426, 39, 76, 'Ndivisi', '500', '2021-10-18 09:42:14'),
(427, 39, 76, 'Sitikho', '500', '2021-10-18 09:42:37'),
(428, 39, 76, 'Webuye Central', '500', '2021-10-18 09:43:03'),
(429, 39, 76, 'Webuye North', '500', '2021-10-18 09:43:22'),
(430, 39, 76, 'Webuye South', '500', '2021-10-18 09:44:17'),
(431, 39, 76, 'Webuye West', '500', '2021-10-18 09:44:42'),
(432, 39, 77, 'Sitikho', '500', '2021-10-18 09:50:09'),
(433, 39, 77, 'Matulo', '500', '2021-10-18 09:50:34'),
(434, 39, 77, 'Bokoli', '500', '2021-10-18 09:50:54'),
(435, 39, 78, 'Chemoge', '500', '2021-10-18 09:51:54'),
(436, 39, 78, 'Chepkube', '500', '2021-10-18 09:52:14'),
(437, 39, 78, 'Cheptais', '500', '2021-10-18 09:52:32'),
(438, 39, 78, 'Chepyuk', '500', '2021-10-18 09:52:53'),
(439, 39, 78, 'Chesikak', '500', '2021-10-18 09:53:13'),
(440, 39, 78, 'Chongeywo', '500', '2021-10-18 09:53:33'),
(441, 39, 78, 'Elgon', '500', '2021-10-18 09:53:53'),
(442, 39, 78, 'Emmia', '500', '2021-10-18 09:54:12'),
(443, 39, 78, 'Kapkateny', '500', '2021-10-18 09:54:32'),
(444, 39, 78, 'Kaptama', '500', '2021-10-18 09:54:54'),
(445, 39, 78, 'Namorio', '500', '2021-10-18 09:55:18'),
(446, 40, 79, 'Bulanda', '500', '2021-10-18 10:00:44'),
(447, 40, 79, 'Burumba', '500', '2021-10-18 10:01:25'),
(448, 40, 79, 'Mayenje', '500', '2021-10-18 10:01:42'),
(449, 40, 79, 'Mjini', '500', '2021-10-18 10:01:59'),
(450, 40, 79, 'Kisoko', '500', '2021-10-18 10:02:16'),
(451, 40, 79, 'Lwanyange', '500', '2021-10-18 10:03:06'),
(452, 40, 79, 'Manyole', '500', '2021-10-18 10:03:26'),
(453, 40, 79, 'Tangakona / Khwirale', '500', '2021-10-18 10:03:44'),
(454, 40, 79, 'Bukhayo Central', '500', '2021-10-18 10:04:01'),
(455, 40, 79, 'Bukhayo East', '500', '2021-10-18 10:04:18'),
(456, 40, 79, 'Bukhayo North / Walatsi', '500', '2021-10-18 10:05:05'),
(457, 40, 79, 'Matayos North', '500', '2021-10-18 10:05:27'),
(458, 40, 79, 'Matayos South', '500', '2021-10-18 10:05:45'),
(459, 40, 80, 'Marachi Central', '500', '2021-10-18 10:06:56'),
(460, 40, 80, 'Marachi East', '500', '2021-10-18 10:07:16'),
(461, 40, 80, 'Marachi North', '500', '2021-10-18 10:07:40'),
(462, 40, 80, 'Marachi West', '500', '2021-10-18 10:08:00'),
(463, 40, 80, 'ELUGULU', '500', '2021-10-18 10:08:20'),
(464, 40, 80, 'KINGANDOLE', '500', '2021-10-18 10:08:39'),
(465, 40, 81, 'Bwiri', '500', '2021-10-18 10:09:32'),
(466, 40, 81, 'Funyula North', '500', '2021-10-18 10:09:52'),
(467, 40, 81, 'Funyula South', '500', '2021-10-18 10:10:12'),
(468, 40, 81, 'Namboboto', '500', '2021-10-18 10:10:36'),
(469, 40, 81, 'Nangina', '500', '2021-10-18 10:10:54'),
(470, 40, 81, 'Odiado', '500', '2021-10-18 10:11:12'),
(471, 40, 81, 'Wakhungu', '500', '2021-10-18 10:11:30'),
(472, 40, 82, 'Bunyala Central', '500', '2021-10-18 10:12:18'),
(473, 40, 82, 'Bunyala East', '500', '2021-10-18 10:12:37'),
(474, 40, 82, 'Bunyala North', '500', '2021-10-18 10:12:55'),
(475, 40, 82, 'Bunyala South', '500', '2021-10-18 10:13:16'),
(476, 40, 82, 'Bunyala West', '500', '2021-10-18 10:13:34'),
(477, 40, 82, 'Khajula', '500', '2021-10-18 10:13:52'),
(478, 40, 83, 'Bukhayo West', '500', '2021-10-18 10:15:17'),
(479, 40, 83, 'Mayenje', '500', '2021-10-18 10:16:13'),
(480, 40, 83, 'Matayos South', '500', '2021-10-18 10:16:58'),
(481, 40, 83, 'Busibwabo', '500', '2021-10-18 10:17:35'),
(482, 40, 83, 'Burumba', '500', '2021-10-18 10:17:52'),
(483, 40, 84, 'Malaba Central', '500', '2021-10-18 10:19:21'),
(484, 40, 84, 'Malaba North', '500', '2021-10-18 10:19:43'),
(485, 40, 84, 'Ang\'urai South', '500', '2021-10-18 10:20:06'),
(486, 40, 84, 'Ang\'urai North', '500', '2021-10-18 10:20:28'),
(487, 40, 84, 'Ang\'urai East', '500', '2021-10-18 10:20:49'),
(488, 40, 84, 'Malaba South', '500', '2021-10-18 10:21:10'),
(489, 40, 85, 'Ang\'orom', '500', '2021-10-18 10:22:27'),
(490, 40, 85, 'Chakol South', '500', '2021-10-18 10:22:45'),
(491, 40, 85, 'Chakol North', '500', '2021-10-18 10:23:07'),
(492, 40, 85, 'Amukura West', '500', '2021-10-18 10:23:27'),
(493, 40, 85, 'Amukura East', '500', '2021-10-18 10:23:47'),
(494, 40, 85, 'Amukura Central', '500', '2021-10-18 10:24:14'),
(495, 28, 86, 'Embobut', '500', '2021-10-18 10:52:42'),
(496, 28, 86, 'Embolot', '500', '2021-10-18 10:53:06'),
(497, 28, 86, 'Endo', '500', '2021-10-18 10:53:28'),
(498, 28, 86, 'Kaptich', '500', '2021-10-18 10:53:45'),
(499, 28, 86, 'Kapyego', '500', '2021-10-18 10:54:03'),
(500, 28, 86, 'Kipkaner', '500', '2021-10-18 10:54:20'),
(501, 28, 86, 'Koibirir', '500', '2021-10-18 10:54:38'),
(502, 28, 86, 'Mokoro', '500', '2021-10-18 10:54:58'),
(503, 28, 86, 'Mon', '500', '2021-10-18 10:55:19'),
(504, 28, 86, 'Murkutwo', '500', '2021-10-18 10:55:39'),
(505, 28, 86, 'Sambirir', '500', '2021-10-18 10:55:55'),
(506, 28, 87, 'Arror', '500', '2021-10-18 10:58:05'),
(507, 28, 87, 'Chebororwa', '500', '2021-10-18 10:58:26'),
(508, 28, 87, 'Cherang\'any', '500', '2021-10-18 10:58:42'),
(509, 28, 87, 'Chesuman', '500', '2021-10-18 10:59:00'),
(510, 28, 87, 'Kamoi', '500', '2021-10-18 11:00:02'),
(511, 28, 87, 'Kapsowar', '500', '2021-10-18 11:00:35'),
(512, 28, 87, 'Koibarak', '500', '2021-10-18 11:00:55'),
(513, 28, 87, 'Kuserwo', '500', '2021-10-18 11:01:15'),
(514, 28, 87, 'Lelan', '500', '2021-10-18 11:01:33'),
(515, 28, 87, 'Moiben', '500', '2021-10-18 11:01:51'),
(516, 28, 87, 'Sengwer', '500', '2021-10-18 11:02:12'),
(517, 28, 88, 'Central', '500', '2021-10-18 11:04:08'),
(518, 28, 88, 'Irong', '500', '2021-10-18 11:05:19'),
(519, 28, 88, 'Kapkonga', '500', '2021-10-18 11:05:46'),
(520, 28, 88, 'Kapterik', '500', '2021-10-18 11:06:20'),
(521, 28, 88, 'Kessup', '500', '2021-10-18 11:06:43'),
(522, 28, 88, 'Sergoit', '500', '2021-10-18 11:07:01'),
(523, 28, 88, 'Kamogich', '500', '2021-10-18 11:07:19'),
(524, 28, 88, 'Kapchemutwa', '500', '2021-10-18 11:07:37'),
(525, 28, 88, 'Keu', '500', '2021-10-18 11:07:58'),
(526, 28, 88, 'Kiptuilong', '500', '2021-10-18 11:08:15'),
(527, 28, 88, 'Kokwao', '500', '2021-10-18 11:08:33'),
(528, 28, 88, 'Mutei', '500', '2021-10-18 11:08:54'),
(529, 28, 89, 'Chemoibon', '500', '2021-10-18 11:10:09'),
(530, 28, 89, 'Chepsigot', '500', '2021-10-18 11:10:26'),
(531, 28, 89, 'Kabiemit', '500', '2021-10-18 11:10:43'),
(532, 28, 89, 'Kamwosor', '500', '2021-10-18 11:11:01'),
(533, 28, 89, 'Kaptarakwa', '500', '2021-10-18 11:11:22'),
(534, 28, 89, 'Kibargoi', '500', '2021-10-18 11:11:40'),
(535, 28, 89, 'Kitany', '500', '2021-10-18 11:11:58'),
(536, 28, 89, 'Kocholwo', '500', '2021-10-18 11:12:17'),
(537, 28, 89, 'Maoi', '500', '2021-10-18 11:12:36'),
(538, 28, 89, 'Marichor', '500', '2021-10-18 11:12:56'),
(539, 28, 89, 'Metkei', '500', '2021-10-18 11:13:14'),
(540, 28, 89, 'Mosop', '500', '2021-10-18 11:13:31'),
(541, 28, 89, 'Nyaru', '500', '2021-10-18 11:13:50'),
(542, 28, 89, 'Soy', '500', '2021-10-18 11:14:09'),
(543, 28, 89, 'Tumeiyo', '500', '2021-10-18 11:14:30'),
(544, 14, 90, 'Ruguru/Ngandori', '300', '2021-10-18 11:21:13'),
(545, 14, 90, 'Kithimu', '300', '2021-10-18 11:21:35'),
(546, 14, 90, 'Nginda', '300', '2021-10-18 11:21:54'),
(547, 14, 90, 'Mbeti North', '300', '2021-10-18 11:22:12'),
(548, 14, 90, 'Kirimari', '300', '2021-10-18 11:22:28'),
(549, 14, 90, 'Gaturi South', '300', '2021-10-18 11:22:46'),
(550, 14, 91, 'Gaturi North', '300', '2021-10-18 11:23:54'),
(551, 14, 91, 'Kagaari South', '300', '2021-10-18 11:24:15'),
(552, 14, 91, 'Kagaari North', '300', '2021-10-18 11:24:34'),
(553, 14, 91, 'Central Ward', '300', '2021-10-18 11:25:30'),
(554, 14, 91, 'Kyeni North', '300', '2021-10-18 11:25:51'),
(555, 14, 91, 'Kyeni South', '300', '2021-10-18 11:26:13'),
(556, 14, 92, 'Ishiara', '300', '2021-10-18 11:28:49'),
(557, 14, 92, 'Kanyuambora', '300', '2021-10-18 11:29:09'),
(558, 14, 92, 'Kiang\'ombe', '300', '2021-10-18 11:29:30'),
(559, 14, 92, 'Muminji', '300', '2021-10-18 11:29:50'),
(560, 14, 92, 'Nthawa', '300', '2021-10-18 11:30:08'),
(561, 14, 93, 'Mwea', '300', '2021-10-18 11:31:00'),
(562, 14, 93, 'Mbeti South', '300', '2021-10-18 11:31:25'),
(563, 14, 93, 'Kiambere', '300', '2021-10-18 11:31:44'),
(564, 14, 93, 'Makima', '300', '2021-10-18 11:32:09'),
(565, 14, 93, 'Mavuria', '300', '2021-10-18 11:32:31'),
(566, 7, 94, 'Waberi', '500', '2021-10-18 11:44:42'),
(567, 7, 94, 'Galbet', '500', '2021-10-18 11:44:59'),
(568, 7, 94, 'Township', '500', '2021-10-18 11:45:15'),
(569, 7, 94, 'Iftin', '500', '2021-10-18 11:45:30'),
(570, 7, 95, 'Bura', '500', '2021-10-18 13:43:22'),
(571, 7, 95, 'Fafi', '500', '2021-10-18 13:43:44'),
(572, 7, 95, 'Jarajilla', '500', '2021-10-18 13:44:00'),
(573, 7, 95, 'Masabubu', '500', '2021-10-18 13:44:19'),
(574, 7, 95, 'Nanighi', '500', '2021-10-18 13:44:39'),
(575, 7, 95, 'Welmerer', '500', '2021-10-18 13:44:59'),
(576, 7, 96, 'Dertu', '500', '2021-10-18 13:47:32'),
(577, 7, 96, 'Dadaab', '500', '2021-10-18 13:47:54'),
(578, 7, 96, 'Labasigale', '500', '2021-10-18 13:48:17'),
(579, 7, 96, 'Damajale', '500', '2021-10-18 13:48:36'),
(580, 7, 96, 'Liboi', '500', '2021-10-18 13:48:53'),
(581, 7, 96, 'Abakaile', '500', '2021-10-18 13:49:14'),
(582, 7, 97, 'Goreale', '500', '2021-10-18 13:50:35'),
(583, 7, 97, 'Baraki', '500', '2021-10-18 13:50:57'),
(584, 7, 97, 'maalimin', '500', '2021-10-18 13:51:22'),
(585, 7, 97, 'Sabena', '500', '2021-10-18 13:51:47'),
(586, 7, 97, 'Modogashe', '500', '2021-10-18 13:53:41'),
(587, 7, 97, 'Bananey', '500', '2021-10-18 13:54:31'),
(588, 7, 98, 'Balambala', '500', '2021-10-18 13:56:44'),
(589, 7, 98, 'Danyere', '500', '2021-10-18 13:57:09'),
(590, 7, 98, 'Jarajara', '500', '2021-10-18 13:57:56'),
(591, 7, 98, 'Saka', '500', '2021-10-18 13:58:31'),
(592, 7, 98, 'Sankuri', '500', '2021-10-18 13:58:49'),
(593, 7, 99, 'Ijara', '500', '2021-10-18 14:00:21'),
(594, 7, 99, 'Korisa', '500', '2021-10-18 14:00:48'),
(595, 7, 99, 'Kotile', '500', '2021-10-18 14:01:08'),
(596, 7, 99, 'Masalani', '500', '2021-10-18 14:02:11'),
(597, 7, 99, 'Sangailu', '500', '2021-10-18 14:02:38'),
(598, 43, 100, 'Homa Bay Central', '500', '2021-10-18 14:16:08'),
(599, 43, 100, 'Homa Bay Arujo', '500', '2021-10-18 14:16:33'),
(600, 43, 100, 'Homa Bay West', '500', '2021-10-18 14:17:02'),
(601, 43, 100, 'Homa Bay East', '500', '2021-10-18 14:17:27'),
(602, 43, 101, 'Ayoro / Nyandong\'e', '500', '2021-10-18 14:20:44'),
(603, 43, 101, 'Central Kasipul', '500', '2021-10-18 14:21:19'),
(604, 43, 101, 'Kabondo East', '500', '2021-10-18 14:22:12'),
(605, 43, 101, 'Kabondo West', '500', '2021-10-18 14:22:51'),
(606, 43, 101, 'Kakelo', '500', '2021-10-18 14:23:15'),
(607, 43, 101, 'Kojwach', '500', '2021-10-18 14:25:21'),
(608, 43, 101, 'Kokwanyo', '500', '2021-10-18 14:27:34'),
(609, 43, 101, 'Mawira / Rabuor', '500', '2021-10-18 14:37:02'),
(610, 43, 101, 'Obisa', '500', '2021-10-18 14:37:39'),
(611, 43, 101, 'Sikri', '500', '2021-10-18 14:38:01'),
(612, 43, 101, 'West Kasipul', '500', '2021-10-18 14:38:31'),
(613, 43, 101, 'Wire Hill / Migwa', '500', '2021-10-18 14:38:55'),
(614, 43, 102, 'West Karachuonyo', '500', '2021-10-18 14:40:00'),
(615, 43, 102, 'North Karachuonyo', '500', '2021-10-18 14:40:22'),
(616, 43, 102, 'Central', '500', '2021-10-18 14:41:49'),
(617, 43, 102, 'Kanyaluo', '500', '2021-10-18 14:42:11'),
(618, 43, 102, 'Kibiri', '500', '2021-10-18 14:42:46'),
(619, 43, 102, 'Wang’chieng', '500', '2021-10-18 14:43:06'),
(620, 43, 102, 'Kendu Bay Town', '500', '2021-10-18 14:43:29'),
(621, 43, 103, 'West Kasipul', '500', '2021-10-18 14:44:57'),
(622, 43, 103, 'South Kasipul', '500', '2021-10-18 14:45:50'),
(623, 43, 103, 'Central Kasipul', '500', '2021-10-18 14:46:13'),
(624, 43, 103, 'East Kamagak', '500', '2021-10-18 14:46:35'),
(625, 43, 103, 'West Kamagak', '500', '2021-10-18 14:47:04'),
(626, 43, 104, 'Kamasengre', '500', '2021-10-18 14:48:26'),
(627, 43, 104, 'Kasgunga Central', '500', '2021-10-18 14:48:47'),
(628, 43, 104, 'Kasgunga West', '500', '2021-10-18 14:49:05'),
(629, 43, 104, 'Kaswanga/Wanyama', '500', '2021-10-18 14:49:31'),
(630, 43, 104, 'Rusinga East', '500', '2021-10-18 14:49:52'),
(631, 43, 104, 'Gembe', '500', '2021-10-18 14:50:11'),
(632, 43, 104, 'Lambwe East', '500', '2021-10-18 14:50:29'),
(633, 43, 104, 'Lambwe West', '500', '2021-10-18 14:50:49'),
(634, 43, 104, 'Wakula', '500', '2021-10-18 14:51:08'),
(635, 43, 104, 'Waware / Wakinga', '500', '2021-10-18 14:51:27'),
(636, 43, 105, 'Central Kabuoch', '500', '2021-10-18 14:52:27'),
(637, 43, 105, 'Central Kanyamwa', '500', '2021-10-18 14:52:47'),
(638, 43, 105, 'East Kwabwai', '500', '2021-10-18 14:53:14'),
(639, 43, 105, 'Kanyadoto', '500', '2021-10-18 14:53:32'),
(640, 43, 105, 'Kanyamwa Kologi', '500', '2021-10-18 14:54:12'),
(641, 43, 105, 'Kanyikela', '500', '2021-10-18 14:54:33'),
(642, 43, 105, 'Riana West', '500', '2021-10-18 14:54:53'),
(643, 43, 105, 'South Kabuoch', '500', '2021-10-18 14:55:29'),
(644, 43, 105, 'West Kanyamwa', '500', '2021-10-18 14:55:47'),
(645, 43, 105, 'West Kwabwai', '500', '2021-10-18 14:56:09'),
(646, 43, 106, 'West Gem', '500', '2021-10-18 15:09:56'),
(647, 43, 106, 'East Gem', '500', '2021-10-18 15:11:16'),
(648, 43, 106, 'Kagan', '500', '2021-10-18 15:11:38'),
(649, 43, 106, 'Kochia', '500', '2021-10-18 15:11:55'),
(650, 43, 107, 'Gwassi South', '500', '2021-10-18 15:13:36'),
(651, 43, 107, 'Gwassi North', '500', '2021-10-18 15:13:56'),
(652, 43, 107, 'Kaksingri West', '500', '2021-10-18 15:14:15'),
(653, 43, 107, 'Ruma-Kakshingri', '500', '2021-10-18 15:14:34'),
(654, 11, 108, 'Wabera', '500', '2021-10-19 06:03:03'),
(655, 11, 108, 'Bulla Pesa', '500', '2021-10-19 06:03:22'),
(656, 11, 108, 'Burat', '500', '2021-10-19 06:03:37'),
(657, 11, 108, 'Ngaremara', '500', '2021-10-19 06:03:53'),
(658, 11, 108, 'Oldonyiro', '500', '2021-10-19 06:04:08'),
(659, 11, 108, 'Chari', '500', '2021-10-19 06:04:22'),
(660, 11, 108, 'Cherab', '500', '2021-10-19 06:04:37'),
(661, 11, 109, 'Kinna', '500', '2021-10-19 06:04:59'),
(662, 11, 109, 'Garbatulla', '500', '2021-10-19 06:05:16'),
(663, 11, 109, 'Sericho', '500', '2021-10-19 06:09:00'),
(664, 34, 110, 'Purko', '500', '2021-10-19 06:13:29'),
(665, 34, 110, 'Ildamat', '500', '2021-10-19 06:13:51'),
(666, 34, 110, 'Dalalekutuk', '500', '2021-10-19 06:14:08'),
(667, 34, 110, 'Matapato North', '500', '2021-10-19 06:14:26'),
(668, 34, 110, 'Matapato South', '500', '2021-10-19 06:14:44'),
(669, 34, 111, 'Olkeri', '500', '2021-10-19 06:15:40'),
(670, 34, 111, 'Ongata Rongai', '500', '2021-10-19 06:15:58'),
(671, 34, 111, 'Nkaimurunya', '500', '2021-10-19 06:16:17'),
(672, 34, 111, 'Oloolua', '500', '2021-10-19 06:16:35'),
(673, 34, 111, 'Ngong', '500', '2021-10-19 06:16:54'),
(674, 34, 112, 'Entonet/Lenkisi', '500', '2021-10-19 06:17:47'),
(675, 34, 112, 'Mbirikani/Eselen', '500', '2021-10-19 06:18:06'),
(676, 34, 112, 'Keikuku', '500', '2021-10-19 06:18:23'),
(677, 34, 112, 'Rombo', '500', '2021-10-19 06:18:40'),
(678, 34, 112, 'Kimana', '500', '2021-10-19 06:18:58'),
(679, 34, 113, 'Kaputiei North', '500', '2021-10-19 06:20:05'),
(680, 34, 113, 'Kitengela', '500', '2021-10-19 06:20:23'),
(681, 34, 113, 'Oloosirkon/Sholinke', '500', '2021-10-19 06:20:42'),
(682, 34, 113, 'Kenyawa-Poka', '500', '2021-10-19 06:21:01'),
(683, 34, 113, 'Imaroro', '500', '2021-10-19 06:21:19'),
(684, 34, 114, 'Keekonyokie', '500', '2021-10-19 06:22:05'),
(685, 34, 114, 'Iloodokilani', '500', '2021-10-19 06:22:24'),
(686, 34, 114, 'Magadi', '500', '2021-10-19 06:22:44'),
(687, 34, 114, 'Ewuaso Oonkidong’i', '500', '2021-10-19 06:23:05'),
(688, 34, 114, 'Mosiro', '500', '2021-10-19 06:23:22'),
(689, 37, 115, 'Chekalini', '500', '2021-10-19 06:25:48'),
(690, 37, 115, 'Kongoni', '500', '2021-10-19 06:26:08'),
(691, 37, 115, 'Likuyani', '500', '2021-10-19 06:35:10'),
(692, 37, 115, 'Lugari', '500', '2021-10-19 06:35:33'),
(693, 37, 115, 'Lumakanda', '500', '2021-10-19 06:36:35'),
(694, 37, 115, 'Mautuma', '500', '2021-10-19 06:37:43'),
(695, 37, 115, 'Nzoia', '500', '2021-10-19 06:38:01'),
(696, 37, 115, 'Sinoko', '500', '2021-10-19 06:38:17'),
(697, 37, 117, 'Likuyani', '500', '2021-10-19 06:41:54'),
(698, 37, 117, 'Sango', '500', '2021-10-19 06:42:14'),
(699, 37, 117, 'Kongoni', '500', '2021-10-19 06:42:35'),
(700, 37, 117, 'Nzoia', '500', '2021-10-19 06:43:37'),
(701, 37, 117, 'Sinoko', '500', '2021-10-19 06:43:58'),
(702, 37, 118, 'Chemuche', '500', '2021-10-19 06:46:03'),
(703, 37, 118, 'Butali', '500', '2021-10-19 06:46:22'),
(704, 37, 118, 'Chegulo', '500', '2021-10-19 06:46:41'),
(705, 37, 118, 'Mahira', '500', '2021-10-19 06:47:00'),
(706, 37, 118, 'Mugai', '500', '2021-10-19 06:47:19'),
(707, 37, 118, 'Shivanga', '500', '2021-10-19 06:47:36'),
(708, 37, 118, 'South Kabras Rural', '500', '2021-10-19 06:47:57'),
(709, 37, 118, 'West Kabras / Shirugu', '500', '2021-10-19 06:48:16'),
(710, 37, 119, 'Amalemba', '500', '2021-10-19 06:49:24'),
(711, 37, 119, 'Bukhulunya', '500', '2021-10-19 06:49:44'),
(712, 37, 119, 'Central', '500', '2021-10-19 06:50:03'),
(713, 37, 119, 'Mahiakalo', '500', '2021-10-19 06:50:21'),
(714, 37, 119, 'Maraba', '500', '2021-10-19 06:50:39'),
(715, 37, 119, 'Matende', '500', '2021-10-19 06:50:56'),
(716, 37, 119, 'Milimani', '500', '2021-10-19 06:51:13'),
(717, 37, 119, 'Musaa', '500', '2021-10-19 06:51:30'),
(718, 37, 119, 'Shibiriri', '500', '2021-10-19 06:51:46'),
(719, 37, 119, 'Sichilayi', '500', '2021-10-19 06:52:03'),
(720, 37, 119, 'Bukura', '500', '2021-10-19 06:52:23'),
(721, 37, 119, 'Bunyala West', '500', '2021-10-19 06:52:41'),
(722, 37, 119, 'Navakholo', '500', '2021-10-19 06:53:02'),
(723, 37, 119, 'North Butsotso', '500', '2021-10-19 06:53:23'),
(724, 37, 119, 'South Butsotso', '500', '2021-10-19 06:53:40'),
(725, 37, 120, 'Ingostse-Mathia', '500', '2021-10-19 06:56:55'),
(726, 37, 120, 'Shinoyi-Shikomari', '500', '2021-10-19 06:57:14'),
(727, 37, 120, 'Esumeyia', '500', '2021-10-19 06:57:33'),
(728, 37, 120, 'Bunyala West', '500', '2021-10-19 06:57:58'),
(729, 37, 120, 'Bunyala East', '500', '2021-10-19 06:58:51'),
(730, 37, 120, 'Bunyala Central', '500', '2021-10-19 06:59:08'),
(731, 37, 121, 'Mumias Central', '500', '2021-10-19 07:00:47'),
(732, 37, 121, 'Mumias North', '500', '2021-10-19 07:01:07'),
(733, 37, 121, 'Etenje', '500', '2021-10-19 07:01:26'),
(734, 37, 121, 'Musanda', '500', '2021-10-19 07:01:46'),
(735, 37, 122, 'Lusheya/Lubinu', '500', '2021-10-19 07:03:03'),
(736, 37, 122, 'Malaha/Isongo/Makunga', '500', '2021-10-19 07:03:20'),
(737, 37, 122, 'East Wanga', '500', '2021-10-19 07:03:38'),
(738, 37, 123, 'Khalaba', '500', '2021-10-19 07:04:43'),
(739, 37, 123, 'Kholera', '500', '2021-10-19 07:05:02'),
(740, 37, 123, 'Koyonzo', '500', '2021-10-19 07:05:20'),
(741, 37, 123, 'Namamali', '500', '2021-10-19 07:05:39'),
(742, 37, 123, 'Mayoni', '500', '2021-10-19 07:05:57'),
(743, 37, 124, 'Butere township', '500', '2021-10-19 07:06:42'),
(744, 37, 124, 'Central Marama', '500', '2021-10-19 07:07:00'),
(745, 37, 124, 'Marenyo / Shianda', '500', '2021-10-19 07:07:20'),
(746, 37, 124, 'North Marama', '500', '2021-10-19 07:08:57'),
(747, 37, 124, 'Manyala and Masaba', '500', '2021-10-19 07:09:18'),
(748, 37, 124, 'West Marama', '500', '2021-10-19 07:09:39'),
(749, 37, 125, 'Central Kisa', '500', '2021-10-19 07:11:07'),
(750, 37, 125, 'Mulwanda', '500', '2021-10-19 07:11:29'),
(751, 37, 125, 'North Kisa', '500', '2021-10-19 07:11:59'),
(752, 37, 125, 'East Kisa', '500', '2021-10-19 07:12:18'),
(753, 37, 125, 'West Kisa', '500', '2021-10-19 07:12:38'),
(754, 37, 126, 'Isukha West', '500', '2021-10-19 07:13:53'),
(755, 37, 126, 'Isukha East', '500', '2021-10-19 07:14:15'),
(756, 37, 126, 'Isukha North', '500', '2021-10-19 07:14:34'),
(757, 37, 126, 'Isukha South', '500', '2021-10-19 07:14:57'),
(758, 37, 126, 'Murhanda', '500', '2021-10-19 07:15:19'),
(759, 37, 126, 'Isukha Central', '500', '2021-10-19 07:15:38'),
(760, 37, 127, 'Eregi', '500', '2021-10-19 07:16:45'),
(761, 37, 127, 'Iguhu', '500', '2021-10-19 07:17:07'),
(762, 37, 127, 'Isulu', '500', '2021-10-19 07:17:32'),
(763, 35, 129, 'Kapsoit', '500', '2021-10-19 07:41:40'),
(764, 35, 129, 'Ainamoi', '500', '2021-10-19 07:42:04'),
(765, 35, 129, 'Kipchebor', '500', '2021-10-19 07:42:26'),
(766, 35, 129, 'Kapkugerwet', '500', '2021-10-19 07:42:57'),
(767, 35, 129, 'Kipchimchim', '500', '2021-10-19 07:43:18'),
(768, 35, 129, 'Kapsaos', '500', '2021-10-19 07:43:37'),
(769, 35, 130, 'Cheptororiet', '500', '2021-10-19 07:46:07'),
(770, 35, 130, 'Kapsuser', '500', '2021-10-19 07:46:25'),
(771, 35, 130, 'Kipkoiyan', '500', '2021-10-19 07:49:10'),
(772, 35, 130, 'Chaik', '500', '2021-10-19 07:49:38'),
(773, 35, 130, 'Chemamul', '500', '2021-10-19 07:49:57'),
(774, 35, 130, 'Kabianga', '500', '2021-10-19 07:50:14'),
(775, 35, 130, 'Kaplelatet', '500', '2021-10-19 07:50:31'),
(776, 35, 130, 'Kebeneti', '500', '2021-10-19 07:51:22'),
(777, 35, 130, 'Kiptere', '500', '2021-10-19 07:51:45'),
(778, 35, 130, 'Seretut', '500', '2021-10-19 07:52:03'),
(779, 35, 130, 'Waldai', '500', '2021-10-19 07:55:37'),
(780, 35, 131, 'Cheborge', '500', '2021-10-19 07:56:43'),
(781, 35, 131, 'Cheplanget', '500', '2021-10-19 07:57:03'),
(782, 35, 131, 'Kapkatet', '500', '2021-10-19 07:57:24'),
(783, 35, 131, 'Kusumek', '500', '2021-10-19 07:57:42'),
(784, 35, 131, 'Litein', '500', '2021-10-19 07:58:02'),
(785, 35, 131, 'Chemosot', '500', '2021-10-19 07:58:34'),
(786, 35, 131, 'Kibugat', '500', '2021-10-19 07:58:54'),
(787, 35, 131, 'Kisiara', '500', '2021-10-19 07:59:13'),
(788, 35, 131, 'Tebesonik', '500', '2021-10-19 07:59:38'),
(789, 35, 132, 'Londiani', '500', '2021-10-19 08:00:48'),
(790, 35, 132, 'Kedowa/Kimugul', '500', '2021-10-19 08:01:05'),
(791, 35, 132, 'Chepseon', '500', '2021-10-19 08:01:24'),
(792, 35, 132, 'Tendeno/Sorget', '500', '2021-10-19 08:01:42'),
(793, 35, 133, 'Kunyak', '500', '2021-10-19 08:03:37'),
(794, 35, 133, 'Kamasian', '500', '2021-10-19 08:03:56'),
(795, 35, 133, 'Kipkelion', '500', '2021-10-19 08:04:15'),
(796, 35, 133, 'Chilchila', '500', '2021-10-19 08:04:34'),
(797, 35, 134, 'Sigowet', '500', '2021-10-19 08:07:10'),
(798, 35, 134, 'Kaplelartet', '500', '2021-10-19 08:07:30'),
(799, 35, 134, 'Soliat', '500', '2021-10-19 08:07:49'),
(800, 35, 134, 'Soin', '500', '2021-10-19 08:08:09'),
(801, 20, 135, 'Mutithi', '500', '2021-10-19 08:19:19'),
(802, 20, 135, 'Kangai', '300', '2021-10-19 08:19:40'),
(803, 20, 135, 'Wamumu', '300', '2021-10-19 08:19:59'),
(804, 20, 135, 'Nyangati', '300', '2021-10-19 08:20:16'),
(805, 20, 135, 'Murindiko', '300', '2021-10-19 08:20:33'),
(806, 20, 135, 'Gathigiriri', '300', '2021-10-19 08:20:50'),
(807, 20, 135, 'Teberer', '300', '2021-10-19 08:21:08'),
(808, 20, 136, 'Kabare Baragwi', '300', '2021-10-19 08:21:28'),
(809, 20, 136, 'Njukiini', '300', '2021-10-19 08:21:50'),
(810, 20, 136, 'Ngariama', '300', '2021-10-19 08:22:10'),
(811, 20, 136, 'Karumandi', '300', '2021-10-19 08:22:27'),
(812, 20, 137, 'Mukure', '300', '2021-10-19 08:22:47'),
(813, 20, 137, 'Kiine', '300', '2021-10-19 08:23:05'),
(814, 20, 137, 'Kariti', '300', '2021-10-19 08:23:24'),
(815, 20, 138, 'Mutira', '300', '2021-10-19 08:23:44'),
(816, 20, 138, 'Kanuekini', '300', '2021-10-19 08:24:02'),
(817, 20, 138, 'Kerugoya', '300', '2021-10-19 08:24:23'),
(818, 20, 138, 'Inoi', '300', '2021-10-19 08:24:40'),
(819, 45, 139, 'Basi Bogetaorio', '500', '2021-10-19 08:29:20'),
(820, 45, 139, 'Basi Central', '500', '2021-10-19 08:29:37'),
(821, 45, 139, 'Bobasi Boitang’are', '500', '2021-10-19 08:29:52'),
(822, 45, 139, 'Bobasi Chache', '500', '2021-10-19 08:30:08'),
(823, 45, 139, 'Masige East', '500', '2021-10-19 08:30:31'),
(824, 45, 139, 'Masige West', '500', '2021-10-19 08:30:56'),
(825, 45, 139, 'Nyacheki', '500', '2021-10-19 08:31:23'),
(826, 45, 139, 'Sameta/Mokwerwero', '500', '2021-10-19 08:31:40'),
(827, 45, 140, 'Bokimonge', '500', '2021-10-19 08:34:43'),
(828, 45, 140, 'Bombaba Borabu', '500', '2021-10-19 08:35:03'),
(829, 45, 140, 'Boochi Borabu', '500', '2021-10-19 08:35:21'),
(830, 45, 140, 'Magenche', '500', '2021-10-19 08:35:41'),
(831, 45, 141, 'Boochi Tendere', '500', '2021-10-19 08:36:31'),
(832, 45, 141, 'Bosoti/Sengera', '500', '2021-10-19 08:36:52'),
(833, 45, 141, 'Majoge Basi', '500', '2021-10-19 08:37:12'),
(834, 45, 142, 'Bogiakumu', '500', '2021-10-19 08:38:00'),
(835, 45, 142, 'Bomariba', '500', '2021-10-19 08:38:17'),
(836, 45, 142, 'Bomorenda', '500', '2021-10-19 08:38:39'),
(837, 45, 142, 'Riana', '500', '2021-10-19 08:39:00'),
(838, 45, 143, 'Kegogi', '500', '2021-10-19 08:39:42'),
(839, 45, 143, 'Marani', '500', '2021-10-19 08:40:02'),
(840, 45, 143, 'Monyerero', '500', '2021-10-19 08:40:24'),
(841, 45, 143, 'Sensi', '500', '2021-10-19 08:40:44'),
(842, 45, 144, 'Bogeka', '500', '2021-10-19 08:41:36'),
(843, 45, 144, 'Bogusero', '500', '2021-10-19 08:41:55'),
(844, 45, 144, 'Kitutu Central', '500', '2021-10-19 08:42:14'),
(845, 45, 144, 'Nyakoe', '500', '2021-10-19 08:42:32'),
(846, 45, 144, 'Nyatieko', '500', '2021-10-19 08:42:51'),
(847, 45, 145, 'Birongo', '500', '2021-10-19 08:43:35'),
(848, 45, 145, 'Bobaracho', '500', '2021-10-19 08:43:55'),
(849, 45, 145, 'Ibeno', '500', '2021-10-19 08:44:15'),
(850, 45, 145, 'Keumbu', '500', '2021-10-19 08:44:32'),
(851, 45, 145, 'Kiogoro', '500', '2021-10-19 08:44:50'),
(852, 45, 145, 'Kisii Central', '500', '2021-10-19 08:45:11'),
(853, 45, 146, 'Gesusu', '500', '2021-10-19 08:45:50'),
(854, 45, 146, 'Ichuni', '500', '2021-10-19 08:46:08'),
(855, 45, 146, 'Kiamokama', '500', '2021-10-19 08:46:27'),
(856, 45, 139, 'Masimba', '500', '2021-10-19 08:46:44'),
(857, 45, 146, 'Nyamasibi', '500', '2021-10-19 08:47:04'),
(858, 45, 147, 'Bogetenga', '500', '2021-10-19 08:47:51'),
(859, 45, 147, 'Boikang’a', '500', '2021-10-19 08:48:09'),
(860, 45, 147, 'Borabu/Chitago', '500', '2021-10-19 08:48:32'),
(861, 45, 147, 'Getenga', '500', '2021-10-19 08:48:52'),
(862, 45, 147, 'Moticho', '500', '2021-10-19 08:49:12'),
(863, 45, 147, 'Tabaka', '500', '2021-10-19 08:49:30'),
(864, 42, 148, 'Kajulu', '500', '2021-10-19 09:04:49'),
(865, 42, 148, 'Kolwa East', '500', '2021-10-19 09:05:09'),
(866, 42, 148, 'Manyatta ‘B’', '500', '2021-10-19 09:05:27'),
(867, 42, 148, 'Nyalenda ‘A’', '500', '2021-10-19 09:05:45'),
(868, 42, 148, 'Kolwa Central', '500', '2021-10-19 09:06:03'),
(869, 42, 149, 'South west Kisumu', '500', '2021-10-19 09:06:56'),
(870, 42, 149, 'Central Kisumu', '500', '2021-10-19 09:07:12'),
(871, 42, 149, 'Kisumu North', '500', '2021-10-19 09:07:40'),
(872, 42, 149, 'West Kisumu', '500', '2021-10-19 09:07:59'),
(873, 42, 149, 'North West Kisumu', '500', '2021-10-19 09:08:19'),
(874, 42, 150, 'Railways', '500', '2021-10-19 09:13:56'),
(875, 42, 150, 'Migosi', '500', '2021-10-19 09:14:17'),
(876, 42, 150, 'Shaurimoyo Kaloleni', '500', '2021-10-19 09:14:35'),
(877, 42, 150, 'Market Milimani', '500', '2021-10-19 09:14:56'),
(878, 42, 150, 'Kondele', '500', '2021-10-19 09:15:16'),
(879, 42, 150, 'Nyalenda B', '500', '2021-10-19 09:15:38'),
(880, 42, 151, 'West Seme', '500', '2021-10-19 09:16:45'),
(881, 42, 148, 'Central Seme', '500', '2021-10-19 09:17:03'),
(882, 42, 151, 'East Seme', '500', '2021-10-19 09:17:20'),
(883, 42, 151, 'North Seme', '500', '2021-10-19 09:17:39'),
(884, 42, 152, 'East kano/Wawithi', '500', '2021-10-19 09:18:22'),
(885, 42, 152, 'Awasi/Onjiko', '500', '2021-10-19 09:18:39'),
(886, 42, 152, 'Ahero', '500', '2021-10-19 09:19:00'),
(887, 42, 152, 'Kabonyo/Kanyagwal', '500', '2021-10-19 09:19:19'),
(888, 42, 152, 'Kobura', '500', '2021-10-19 09:19:37');
INSERT INTO `deli_streets` (`id`, `county_id`, `region_id`, `street_name`, `amount`, `date_created`) VALUES
(889, 42, 153, 'Miwani', '500', '2021-10-19 09:21:04'),
(890, 42, 153, 'Ombeyi', '500', '2021-10-19 09:21:22'),
(891, 42, 153, 'Masogo/Nyang’oma', '500', '2021-10-19 09:21:46'),
(892, 42, 153, 'Chemelil', '500', '2021-10-19 09:22:03'),
(893, 42, 153, 'Muhoroni/Koru', '500', '2021-10-19 09:22:22'),
(894, 42, 154, 'South west Nyakach', '500', '2021-10-19 09:23:04'),
(895, 42, 154, 'North Nyakach', '500', '2021-10-19 09:23:25'),
(896, 42, 154, 'Central Nyakach', '500', '2021-10-19 09:23:43'),
(897, 42, 154, 'West Nyakach', '500', '2021-10-19 09:24:00'),
(898, 42, 154, 'South East Nyakach', '500', '2021-10-19 09:24:22'),
(899, 15, 155, 'Ngomeni', '500', '2021-10-19 09:27:55'),
(900, 15, 155, 'Kyuso', '300', '2021-10-19 09:28:16'),
(901, 15, 155, 'Mumoni', '300', '2021-10-19 09:28:32'),
(902, 15, 155, 'Tseikuru', '300', '2021-10-19 09:28:47'),
(903, 15, 155, 'Tharaka', '300', '2021-10-19 09:29:04'),
(904, 15, 156, 'Kyome/Thaana', '300', '2021-10-19 09:30:03'),
(905, 15, 155, 'Nguutani', '300', '2021-10-19 09:30:33'),
(906, 15, 156, 'Migwani', '300', '2021-10-19 09:30:58'),
(907, 15, 156, 'Kiomo/Kyethani', '300', '2021-10-19 09:31:34'),
(908, 15, 157, 'Central', '300', '2021-10-19 09:32:28'),
(909, 15, 157, 'Kivou', '300', '2021-10-19 09:32:49'),
(910, 15, 157, 'Nguni', '300', '2021-10-19 09:33:09'),
(911, 15, 157, 'Nuu', '300', '2021-10-19 09:33:28'),
(912, 15, 157, 'Mui', '300', '2021-10-19 09:33:47'),
(913, 15, 157, 'Waita', '300', '2021-10-19 09:34:10'),
(914, 15, 158, 'Mutonguni', '300', '2021-10-19 09:35:00'),
(915, 15, 158, 'Kauwi', '300', '2021-10-19 09:35:21'),
(916, 15, 158, 'Matinyani', '300', '2021-10-19 09:35:44'),
(917, 15, 158, 'Kwa Mutunga/Kithumula', '300', '2021-10-19 09:36:06'),
(918, 15, 159, 'Kisasi', '500', '2021-10-19 09:37:11'),
(919, 15, 159, 'Mbitini', '300', '2021-10-19 09:37:29'),
(920, 15, 159, 'Kwavonza/Yatta', '300', '2021-10-19 09:37:50'),
(921, 15, 159, 'Kanyangi', '300', '2021-10-19 09:38:08'),
(922, 15, 160, 'Miambani', '300', '2021-10-19 09:39:41'),
(923, 15, 160, 'Township', '300', '2021-10-19 09:40:03'),
(924, 15, 160, 'Kyangwithya West', '300', '2021-10-19 09:40:23'),
(925, 15, 160, 'Mulango', '300', '2021-10-19 09:40:41'),
(926, 15, 160, 'Kyangwithya East', '300', '2021-10-19 09:41:06'),
(927, 15, 161, 'Zombe/Mwitika', '300', '2021-10-19 09:41:52'),
(928, 15, 161, 'Nzambani', '300', '2021-10-19 09:42:12'),
(929, 15, 161, 'Chuluni', '300', '2021-10-19 09:42:35'),
(930, 15, 161, 'Voo/kyamatu', '300', '2021-10-19 09:43:27'),
(931, 15, 161, 'Endau/malalani', '300', '2021-10-19 09:43:50'),
(932, 15, 162, 'Ikanga/Kyatune', '300', '2021-10-19 09:47:48'),
(933, 15, 162, 'Mutomo', '300', '2021-10-19 09:48:55'),
(934, 15, 162, 'Mutha', '300', '2021-10-19 09:49:16'),
(935, 15, 162, 'Ikutha', '300', '2021-10-19 09:49:41'),
(936, 15, 162, 'Kanziko', '300', '2021-10-19 09:50:00'),
(937, 15, 162, 'Athi', '300', '2021-10-19 09:50:21'),
(938, 31, 163, 'Ol-moran', '500', '2021-10-19 10:04:51'),
(939, 31, 163, 'Rumuruti Township', '500', '2021-10-19 10:05:12'),
(940, 31, 163, 'Githiga', '500', '2021-10-19 10:05:30'),
(941, 31, 163, 'Marmanet', '500', '2021-10-19 10:05:47'),
(942, 31, 163, 'Igwamiti', '500', '2021-10-19 10:06:05'),
(943, 31, 163, 'Salama', '500', '2021-10-19 10:06:25'),
(944, 31, 164, 'Ngobit', '500', '2021-10-19 10:35:56'),
(945, 31, 164, 'Tigithi', '500', '2021-10-19 10:55:34'),
(946, 31, 164, 'Thingithu', '500', '2021-10-19 10:56:17'),
(947, 31, 164, 'Nanyuki', '500', '2021-10-19 10:56:35'),
(948, 31, 164, 'Umande', '300', '2021-10-19 10:57:16'),
(949, 31, 165, 'Sosian', '500', '2021-10-19 10:58:08'),
(950, 31, 165, 'Segera', '500', '2021-10-19 10:58:37'),
(951, 31, 165, 'Mugogodo West', '500', '2021-10-19 10:58:59'),
(952, 31, 165, 'Mugogodo East', '500', '2021-10-19 10:59:19'),
(953, 16, 166, 'Kivaa', '500', '2021-10-19 11:07:01'),
(954, 16, 166, 'Masinga', '500', '2021-10-19 11:07:21'),
(955, 16, 166, 'Central', '500', '2021-10-19 11:07:41'),
(956, 16, 166, 'Ekalakala', '500', '2021-10-19 11:08:01'),
(957, 16, 166, 'Muthesya', '500', '2021-10-19 11:08:19'),
(958, 16, 166, 'ndithini', '500', '2021-10-19 11:08:35'),
(959, 16, 167, 'Ndalani', '500', '2021-10-19 11:09:18'),
(960, 16, 167, 'Matuu', '500', '2021-10-19 11:09:39'),
(961, 16, 167, 'Kithimani', '300', '2021-10-19 11:09:58'),
(962, 16, 167, 'Ikomba', '500', '2021-10-19 11:10:18'),
(963, 16, 167, 'Katangi', '500', '2021-10-19 11:10:37'),
(964, 16, 168, 'Kangundo North,', '500', '2021-10-19 11:11:56'),
(965, 16, 168, 'Kangundo Central', '500', '2021-10-19 11:12:19'),
(966, 16, 168, 'Kangundo East', '500', '2021-10-19 11:12:41'),
(967, 16, 168, 'Kangundo West', '500', '2021-10-19 11:13:04'),
(968, 16, 169, 'Tala', '500', '2021-10-19 11:13:58'),
(969, 16, 169, 'Matungulu North', '500', '2021-10-19 11:14:19'),
(970, 16, 169, 'Matungulu East', '500', '2021-10-19 11:14:38'),
(971, 16, 169, 'Matungulu West', '500', '2021-10-19 11:15:13'),
(972, 16, 169, 'Kyeleni', '500', '2021-10-19 11:15:33'),
(973, 16, 170, 'Mitaboni', '500', '2021-10-19 11:16:50'),
(974, 16, 170, 'Kathiani Central', '500', '2021-10-19 11:17:12'),
(975, 16, 170, 'Upper Kaewa/Iveti', '500', '2021-10-19 11:17:36'),
(976, 16, 170, 'Lower Kaewa/Kaani', '500', '2021-10-19 11:17:58'),
(977, 16, 171, 'Athi River', '500', '2021-10-19 11:18:44'),
(978, 16, 171, 'Kinanie', '500', '2021-10-19 11:19:06'),
(979, 16, 171, 'Muthwani', '500', '2021-10-19 11:19:31'),
(980, 16, 171, 'Syokimau/Mulolongo', '500', '2021-10-19 11:19:57'),
(981, 16, 172, 'Kalama', '500', '2021-10-19 11:20:50'),
(982, 16, 172, 'Mua', '500', '2021-10-19 11:21:12'),
(983, 16, 172, 'Mutitini', '500', '2021-10-19 11:21:36'),
(984, 16, 172, 'Machakos Central', '500', '2021-10-19 11:21:59'),
(985, 16, 172, 'Mumbuni North', '500', '2021-10-19 11:22:20'),
(986, 16, 172, 'Muvuti/Kiima-Kimwe', '500', '2021-10-19 11:22:44'),
(987, 16, 172, 'Kola', '500', '2021-10-19 11:23:04'),
(988, 16, 173, 'Mbiuni', '500', '2021-10-19 11:23:53'),
(989, 16, 173, 'Makutano/Mwala', '500', '2021-10-19 11:24:14'),
(990, 16, 173, 'Masii', '500', '2021-10-19 11:24:40'),
(991, 16, 173, 'Muthetheni', '500', '2021-10-19 11:25:01'),
(992, 16, 173, 'Wamunyu', '500', '2021-10-19 11:25:21'),
(993, 16, 173, 'Kibauni', '500', '2021-10-19 11:25:45'),
(994, 17, 175, 'Ukia', '500', '2021-10-19 11:58:00'),
(995, 17, 175, 'Kee', '300', '2021-10-19 11:58:20'),
(996, 17, 175, 'Kilungu', '300', '2021-10-19 11:58:39'),
(997, 17, 175, 'Ilima', '300', '2021-10-19 11:59:39'),
(998, 17, 176, 'Masongaleni', '300', '2021-10-19 12:01:01'),
(999, 17, 176, 'Mtito Andei', '300', '2021-10-19 12:01:24'),
(1000, 17, 176, 'Thange', '300', '2021-10-19 12:01:46'),
(1001, 17, 176, 'Ivingoni / Nzambani', '300', '2021-10-19 12:02:07'),
(1002, 17, 177, 'Makindu', '300', '2021-10-19 12:03:14'),
(1003, 17, 177, 'Nguumo', '300', '2021-10-19 12:03:32'),
(1004, 17, 177, 'Kikumbulyu North', '300', '2021-10-19 12:04:05'),
(1005, 17, 177, 'Kikumbulyu South', '300', '2021-10-19 12:04:25'),
(1006, 17, 178, 'Kasikeu', '300', '2021-10-19 12:05:18'),
(1007, 17, 178, 'Mukaa', '300', '2021-10-19 12:05:56'),
(1008, 17, 178, 'Kiima Kiu/ Kalanzoni', '300', '2021-10-19 12:06:16'),
(1009, 17, 179, 'Tulimani', '300', '2021-10-19 12:09:03'),
(1010, 17, 179, 'Mbooni', '300', '2021-10-19 12:09:31'),
(1011, 17, 179, 'Kithungo/ Kitundu', '300', '2021-10-19 12:09:54'),
(1012, 17, 179, 'Kiteta-Kisau', '300', '2021-10-19 12:10:19'),
(1013, 17, 179, 'Waia- Kako', '300', '2021-10-19 12:10:49'),
(1014, 17, 179, 'Kalawa', '300', '2021-10-19 12:11:39'),
(1015, 17, 180, 'Wote', '300', '2021-10-19 12:13:30'),
(1016, 17, 180, 'Muvau/Kikumini', '300', '2021-10-19 12:13:52'),
(1017, 17, 180, 'Mavindini', '300', '2021-10-19 12:14:13'),
(1018, 17, 180, 'Kitise/Kithuki', '300', '2021-10-19 12:14:34'),
(1019, 17, 180, 'Kathonzweni', '300', '2021-10-19 12:14:58'),
(1020, 17, 180, 'Nzaui/Kalamba', '300', '2021-10-19 12:15:18'),
(1021, 17, 180, 'Mbitini', '300', '2021-10-19 12:15:42'),
(1022, 9, 181, 'Takaba South', '300', '2021-10-19 12:57:14'),
(1023, 9, 181, 'Takaba', '300', '2021-10-19 12:57:50'),
(1024, 9, 181, 'lagsure', '300', '2021-10-19 12:58:20'),
(1025, 9, 181, 'Dandu', '300', '2021-10-19 12:58:41'),
(1026, 9, 181, 'Gither', '300', '2021-10-19 12:59:09'),
(1027, 9, 182, 'Banissa', '300', '2021-10-19 12:59:59'),
(1028, 9, 182, 'Derkhale', '300', '2021-10-19 13:06:05'),
(1029, 9, 182, 'Guba', '300', '2021-10-19 13:06:39'),
(1030, 9, 182, 'Malkamari', '300', '2021-10-19 13:07:02'),
(1031, 9, 182, 'Kiliwehiri', '300', '2021-10-19 13:07:29'),
(1032, 9, 183, 'Arabia', '300', '2021-10-19 13:08:05'),
(1033, 9, 183, 'Libehia', '300', '2021-10-19 13:08:28'),
(1034, 9, 183, 'Khalalio', '300', '2021-10-19 13:09:05'),
(1035, 9, 183, 'Neboi', '300', '2021-10-19 13:09:25'),
(1036, 9, 183, 'Township', '300', '2021-10-19 13:09:50'),
(1037, 9, 184, 'Sala', '300', '2021-10-19 13:10:29'),
(1038, 9, 184, 'Fino', '300', '2021-10-19 13:10:49'),
(1039, 9, 184, 'Lafey', '300', '2021-10-19 13:11:15'),
(1040, 9, 184, 'Waranqara', '300', '2021-10-19 13:12:25'),
(1041, 9, 184, 'Alango Gof', '300', '2021-10-19 13:13:08'),
(1042, 9, 185, 'Wargadou', '300', '2021-10-19 13:16:35'),
(1043, 9, 185, 'Kutulo', '500', '2021-10-19 13:18:39'),
(1044, 9, 185, 'Elwak South', '500', '2021-10-19 13:19:06'),
(1045, 9, 185, 'Elwak North', '500', '2021-10-19 13:19:27'),
(1046, 9, 185, 'Shimbir Fatuma', '500', '2021-10-19 13:19:52'),
(1047, 9, 186, 'Ashabito', '500', '2021-10-19 13:20:15'),
(1048, 9, 186, 'Guticha', '500', '2021-10-19 13:20:38'),
(1049, 9, 186, 'Marothile', '300', '2021-10-19 13:21:11'),
(1050, 9, 186, 'Rhamu', '500', '2021-10-19 13:21:30'),
(1051, 9, 186, 'Rhamu Dimtu', '500', '2021-10-19 13:21:54'),
(1052, 10, 187, 'Bori', '500', '2021-10-19 13:24:56'),
(1053, 10, 187, 'Butiye', '500', '2021-10-19 13:25:17'),
(1054, 10, 187, 'Dabel', '500', '2021-10-19 13:25:43'),
(1055, 10, 187, 'Damballa Fachana', '500', '2021-10-19 13:26:11'),
(1056, 10, 187, 'Godoma', '500', '2021-10-19 13:27:03'),
(1057, 10, 187, 'Golole', '500', '2021-10-19 13:27:19'),
(1058, 10, 187, 'Heillu', '500', '2021-10-19 13:27:36'),
(1059, 10, 187, 'Manyatta', '500', '2021-10-19 13:27:52'),
(1060, 10, 187, 'Moyale', '500', '2021-10-19 13:28:10'),
(1061, 10, 187, 'Nana', '500', '2021-10-19 13:28:33'),
(1062, 10, 187, 'Odda', '500', '2021-10-19 13:29:48'),
(1063, 10, 187, 'Sololo', '500', '2021-10-19 13:30:09'),
(1064, 10, 187, 'Sololo Makutano', '500', '2021-10-19 13:30:25'),
(1065, 10, 187, 'Uran', '500', '2021-10-19 13:30:40'),
(1066, 10, 187, 'Walda/ Rawana', '500', '2021-10-19 13:31:00'),
(1067, 10, 188, 'Bubisa', '500', '2021-10-19 13:34:13'),
(1068, 10, 188, 'Dukana', '500', '2021-10-19 13:35:38'),
(1069, 10, 188, 'Hurri Hills', '500', '2021-10-19 13:35:56'),
(1070, 10, 188, 'Illeret', '500', '2021-10-19 13:36:19'),
(1071, 10, 188, 'Kalacha', '500', '2021-10-19 13:36:37'),
(1072, 10, 188, 'Maikona', '500', '2021-10-19 13:36:58'),
(1073, 10, 188, 'North Horr', '500', '2021-10-19 13:37:19'),
(1074, 10, 189, 'Dakabaricha', '500', '2021-10-19 13:39:24'),
(1075, 10, 189, 'Dirib Gombo', '500', '2021-10-19 13:39:49'),
(1076, 10, 189, 'Karare', '500', '2021-10-19 13:40:06'),
(1077, 10, 189, 'Mountain', '300', '2021-10-19 13:40:25'),
(1078, 10, 189, 'Sagante', '500', '2021-10-19 13:40:48'),
(1079, 10, 190, 'Korr', '500', '2021-10-19 13:41:47'),
(1080, 10, 190, 'Laisamis', '500', '2021-10-19 13:42:04'),
(1081, 10, 190, 'Logologo', '500', '2021-10-19 13:42:25'),
(1082, 10, 190, 'Loiyangalani', '500', '2021-10-19 13:42:44'),
(1083, 10, 190, 'Mount Kulal', '500', '2021-10-19 13:43:05'),
(1084, 10, 190, 'South Horr', '500', '2021-10-19 13:43:23'),
(1085, 44, 191, 'North East Sakwa', '500', '2021-10-19 13:49:48'),
(1086, 44, 191, 'South Sakwa', '500', '2021-10-19 13:50:07'),
(1087, 44, 191, 'West Sakwa', '500', '2021-10-19 13:50:27'),
(1088, 44, 191, 'Central Sakwa', '500', '2021-10-19 13:50:46'),
(1089, 44, 192, 'Gokeharaka/Getamwega', '500', '2021-10-19 13:59:06'),
(1090, 44, 192, 'Ntimaru West', '500', '2021-10-19 13:59:27'),
(1091, 44, 192, 'Ntimaru East', '500', '2021-10-19 13:59:48'),
(1092, 44, 192, 'Nyabasi East', '500', '2021-10-19 14:00:09'),
(1093, 44, 192, 'Nyabasi West', '500', '2021-10-19 14:00:31'),
(1094, 44, 193, 'Bukira East', '500', '2021-10-19 14:09:27'),
(1095, 44, 193, 'Bukira Central/Ikerege', '500', '2021-10-19 14:09:55'),
(1096, 44, 193, 'Isibania', '500', '2021-10-19 14:10:15'),
(1097, 44, 193, 'Makerero', '500', '2021-10-19 14:10:36'),
(1098, 44, 193, 'Masaba', '500', '2021-10-19 14:11:15'),
(1099, 44, 193, 'Tagare', '500', '2021-10-19 14:11:34'),
(1100, 44, 193, 'Nyamosense/Ko Mosoko', '500', '2021-10-19 14:11:56'),
(1101, 44, 194, 'Kachieng', '500', '2021-10-19 14:15:32'),
(1102, 44, 194, 'Kanyasa', '500', '2021-10-19 14:15:52'),
(1103, 44, 194, 'North Kadem', '500', '2021-10-19 14:16:15'),
(1104, 44, 194, 'Macalder/Kanyarwanda', '500', '2021-10-19 14:16:36'),
(1105, 44, 194, 'Kaler', '500', '2021-10-19 14:17:00'),
(1106, 44, 194, 'Got Kachola', '500', '2021-10-19 14:17:25'),
(1107, 44, 194, 'Muhuru', '500', '2021-10-19 14:17:47'),
(1108, 44, 195, 'Central Kamagambo', '500', '2021-10-19 14:18:58'),
(1109, 44, 195, 'East Kamagambo', '500', '2021-10-19 14:19:16'),
(1110, 44, 195, 'North Kamagambo', '500', '2021-10-19 14:19:38'),
(1111, 44, 195, 'South Kamagambo', '500', '2021-10-19 14:19:59'),
(1112, 44, 195, 'West Kamagambo', '500', '2021-10-19 14:20:19'),
(1113, 44, 195, 'South Sakwa', '500', '2021-10-19 14:20:38'),
(1114, 44, 195, 'Central Sakwa', '500', '2021-10-19 14:20:59'),
(1115, 44, 195, 'East Sakwa', '500', '2021-10-19 14:21:21'),
(1116, 44, 195, 'North Sakwa', '500', '2021-10-19 14:21:40'),
(1117, 44, 195, 'West Sakwa', '500', '2021-10-19 14:21:58'),
(1118, 44, 196, 'God Jope', '500', '2021-10-19 14:23:30'),
(1119, 44, 196, 'Suna Central', '500', '2021-10-19 14:23:53'),
(1120, 44, 196, 'Kakrao', '500', '2021-10-19 14:24:17'),
(1121, 44, 196, 'Kwa', '500', '2021-10-19 14:24:39'),
(1122, 44, 197, 'Wiga', '500', '2021-10-19 14:26:06'),
(1123, 44, 197, 'Wasweta II', '500', '2021-10-19 14:26:26'),
(1124, 44, 197, 'Ragan-Oruba', '500', '2021-10-19 14:26:49'),
(1125, 44, 197, 'Wasimbete', '500', '2021-10-19 14:27:12'),
(1126, 44, 198, 'West Kanyamkago', '500', '2021-10-19 14:29:25'),
(1127, 44, 198, 'North Kanyamkago', '500', '2021-10-19 14:29:49'),
(1128, 44, 198, 'Central Kanyamkago', '500', '2021-10-19 14:30:13'),
(1129, 44, 198, 'South Kanyamkago', '500', '2021-10-19 14:30:47'),
(1130, 44, 198, 'East Kanyamkago', '500', '2021-10-19 14:31:15'),
(1131, 21, 199, 'Gakira', '500', '2021-10-19 14:39:47'),
(1132, 21, 199, 'Iyego', '500', '2021-10-19 14:40:10'),
(1133, 21, 199, 'Kanyenyaini', '500', '2021-10-19 14:40:28'),
(1134, 21, 199, 'Kiairathe', '500', '2021-10-19 14:40:45'),
(1135, 21, 199, 'Kiruri', '500', '2021-10-19 14:41:02'),
(1136, 21, 199, 'Muringaini', '500', '2021-10-19 14:41:20'),
(1137, 21, 199, 'Rwathia', '500', '2021-10-19 14:41:36'),
(1138, 21, 199, 'Watuha', '500', '2021-10-19 14:41:53'),
(1139, 21, 200, 'Central', '500', '2021-10-19 14:42:46'),
(1140, 21, 200, 'Gaturi', '500', '2021-10-19 14:43:11'),
(1141, 21, 200, 'Gikindu', '500', '2021-10-19 14:43:32'),
(1142, 21, 200, 'Hospital', '500', '2021-10-19 14:43:52'),
(1143, 21, 200, 'Kahuhia', '500', '2021-10-19 14:44:15'),
(1144, 21, 200, 'Maragi', '500', '2021-10-19 14:44:33'),
(1145, 21, 200, 'Mbiri Rural', '500', '2021-10-19 14:44:52'),
(1146, 21, 200, 'Mugoiri', '500', '2021-10-19 14:45:12'),
(1147, 21, 200, 'Mukuyu', '500', '2021-10-19 14:45:29'),
(1148, 21, 200, 'Mumbi', '500', '2021-10-19 14:45:48'),
(1149, 21, 200, 'Murarandia', '500', '2021-10-19 14:46:10'),
(1150, 21, 200, 'Njoguini', '500', '2021-10-19 14:47:57'),
(1151, 21, 200, 'Weithaga', '500', '2021-10-19 14:48:17'),
(1152, 21, 201, 'Gitugi', '500', '2021-10-19 14:49:30'),
(1153, 21, 201, 'Kamacharia', '500', '2021-10-19 14:49:52'),
(1154, 21, 201, 'Kiru', '500', '2021-10-19 14:50:14'),
(1155, 21, 201, 'Njumbi', '500', '2021-10-19 14:50:31'),
(1156, 21, 202, 'KANGARI', '500', '2021-10-19 14:59:15'),
(1157, 21, 202, 'Kigumo', '500', '2021-10-19 14:59:34'),
(1158, 21, 202, 'Kinyona', '500', '2021-10-19 14:59:59'),
(1159, 21, 202, 'Muthithi', '500', '2021-10-19 15:00:22'),
(1160, 21, 203, 'Gakui / Karimamwaro', '500', '2021-10-19 15:01:35'),
(1161, 21, 203, 'Gathugu / Ruchu / Gakarara', 'Gathugu / Ruchu / Gakarara', '2021-10-19 15:01:57'),
(1162, 21, 203, 'Gatundu / Kiiri / Kandara', '500', '2021-10-19 15:02:21'),
(1163, 21, 203, 'Kaguthi / Githuya', '500', '2021-10-19 15:05:03'),
(1164, 21, 203, 'Gaichanjiru', '500', '2021-10-19 15:05:22'),
(1165, 21, 203, 'Kagunduini', '500', '2021-10-19 15:05:45'),
(1166, 21, 203, 'Muruka', '500', '2021-10-19 15:06:02'),
(1167, 21, 203, 'Ruchu', '500', '2021-10-19 15:06:21'),
(1168, 21, 204, 'Gakoigo', '500', '2021-10-19 15:07:28'),
(1169, 21, 204, 'Ichagaki', '500', '2021-10-19 15:07:47'),
(1170, 21, 204, 'Mbugua', '500', '2021-10-19 15:08:09'),
(1171, 21, 204, 'Samar', '500', '2021-10-19 15:08:29'),
(1172, 21, 204, 'Kambiti', '500', '2021-10-19 15:09:43'),
(1173, 21, 204, 'Kirimiri', '500', '2021-10-19 15:10:12'),
(1174, 21, 204, 'Makuyu', '500', '2021-10-19 15:10:33'),
(1175, 21, 204, 'Wempa', '500', '2021-10-19 15:10:54'),
(1176, 21, 204, 'Kamahuha / Maranjau', '500', '2021-10-19 15:11:17'),
(1177, 21, 204, 'Maragua Ridge', '500', '2021-10-19 15:11:41'),
(1178, 21, 204, 'Nginda', '500', '2021-10-19 15:12:02'),
(1179, 21, 205, 'Gatanga', '500', '2021-10-19 15:13:07'),
(1180, 21, 205, 'Ithanga', '500', '2021-10-19 15:13:29'),
(1181, 21, 205, 'Kakuzi', '500', '2021-10-19 15:13:52'),
(1182, 21, 205, 'Kariara', '500', '2021-10-19 15:14:11'),
(1183, 21, 205, 'Kigoro', '500', '2021-10-19 15:14:32'),
(1184, 21, 205, 'Kihumbuini', '500', '2021-10-19 15:14:53'),
(1185, 21, 205, 'Mitubiri', '500', '2021-10-19 15:15:17'),
(1186, 32, 206, 'Biashara', '500', '2021-10-21 05:58:19'),
(1187, 32, 206, 'Hells Gate', '500', '2021-10-21 05:58:40'),
(1188, 32, 206, 'Lake View', '500', '2021-10-21 05:59:00'),
(1189, 32, 206, 'Maiella', '500', '2021-10-21 05:59:17'),
(1190, 32, 206, 'Mai Mahiu', '500', '2021-10-21 05:59:35'),
(1191, 32, 206, 'Olkaria', '500', '2021-10-21 05:59:51'),
(1192, 32, 206, 'Naivasha East', '500', '2021-10-21 06:00:07'),
(1193, 32, 206, 'Viwandani', '500', '2021-10-21 06:00:25'),
(1194, 32, 207, 'Barut', '500', '2021-10-21 06:01:58'),
(1195, 32, 207, 'London', '300', '2021-10-21 06:02:21'),
(1196, 32, 207, 'Kaptembwo', '300', '2021-10-21 06:03:02'),
(1197, 32, 207, 'Kapkures', '300', '2021-10-21 06:03:35'),
(1198, 32, 207, 'Rhoda', '300', '2021-10-21 06:03:57'),
(1199, 32, 207, 'Shabaab', '300', '2021-10-21 06:04:20'),
(1200, 32, 208, 'Biashara', '300', '2021-10-21 06:06:30'),
(1201, 32, 208, 'Kivumbini', '300', '2021-10-21 06:06:52'),
(1202, 32, 208, 'Flamingo', '300', '2021-10-21 06:09:34'),
(1203, 32, 208, 'Menengai', '300', '2021-10-21 06:09:58'),
(1204, 32, 208, 'Nakuru East', '300', '2021-10-21 06:10:18'),
(1205, 32, 209, 'Amalo', '300', '2021-10-21 06:11:57'),
(1206, 32, 209, 'Keringet', '300', '2021-10-21 06:12:23'),
(1207, 32, 209, 'Kiptagich', '300', '2021-10-21 06:12:47'),
(1208, 32, 209, 'Tinet', '300', '2021-10-21 06:13:09'),
(1209, 32, 210, 'Kiptororo', '300', '2021-10-21 06:14:41'),
(1210, 32, 210, 'Nyota', '300', '2021-10-21 06:15:01'),
(1211, 32, 210, 'Sirikwa', '300', '2021-10-21 06:15:28'),
(1212, 32, 210, 'Kamara', '300', '2021-10-21 06:15:47'),
(1213, 32, 211, 'Mariashoni', '300', '2021-10-21 06:16:51'),
(1214, 32, 211, 'Elburgon', '300', '2021-10-21 06:17:11'),
(1215, 32, 211, 'Turi', '300', '2021-10-21 06:17:29'),
(1216, 32, 211, 'Molo', '300', '2021-10-21 06:17:47'),
(1217, 32, 212, 'Menengai West', '300', '2021-10-21 06:18:50'),
(1218, 32, 212, 'Soin', '300', '2021-10-21 06:19:07'),
(1219, 32, 212, 'Visoi', '300', '2021-10-21 06:19:25'),
(1220, 32, 212, 'Mosop', '300', '2021-10-21 06:19:48'),
(1221, 32, 212, 'Solai', '300', '2021-10-21 06:20:09'),
(1222, 32, 213, 'Subukia', '300', '2021-10-21 06:21:35'),
(1223, 32, 213, 'Waseges', '300', '2021-10-21 06:21:55'),
(1224, 32, 213, 'Kabazi', '300', '2021-10-21 06:22:17'),
(1225, 32, 214, 'Mau Narok', '300', '2021-10-21 06:23:28'),
(1226, 32, 214, 'Mauche', '300', '2021-10-21 06:23:51'),
(1227, 32, 214, 'Kihingo', '300', '2021-10-21 06:24:11'),
(1228, 32, 214, 'Nessuit', '300', '2021-10-21 06:24:34'),
(1229, 32, 214, 'Lare', '300', '2021-10-21 06:24:51'),
(1230, 32, 214, 'Njoro', '300', '2021-10-21 06:25:08'),
(1231, 32, 215, 'Gilgil', '300', '2021-10-21 06:26:04'),
(1232, 32, 215, 'Elementaita', '300', '2021-10-21 06:26:27'),
(1233, 32, 215, 'Mbaruk/Eburu', '300', '2021-10-21 06:28:15'),
(1234, 32, 215, 'Malewa West', '300', '2021-10-21 06:28:34'),
(1235, 32, 215, 'Murindati', '300', '2021-10-21 06:28:56'),
(1236, 32, 216, 'Dundori', '300', '2021-10-21 06:30:53'),
(1237, 32, 216, 'Kabatini', '300', '2021-10-21 06:31:11'),
(1238, 32, 216, 'Kiamaina', '300', '2021-10-21 06:31:32'),
(1239, 32, 216, 'Lanet/Umoja', '300', '2021-10-21 06:31:54'),
(1240, 32, 216, 'Bahati', '300', '2021-10-21 06:32:14'),
(1241, 29, 217, 'Kabwareng', '300', '2021-10-21 07:39:01'),
(1242, 29, 217, 'Terik', '500', '2021-10-21 07:39:17'),
(1243, 29, 217, 'Kemeloi-Maraba', '500', '2021-10-21 07:39:34'),
(1244, 29, 217, 'Kobujoi', '500', '2021-10-21 07:39:50'),
(1245, 29, 217, 'Kaptumo/Kaboi', '500', '2021-10-21 07:40:07'),
(1246, 29, 217, 'Koyo/Ndurio', '500', '2021-10-21 07:40:22'),
(1247, 29, 218, 'Chemundu/ Kapng\'etunyi', '500', '2021-10-21 07:41:54'),
(1248, 29, 218, 'Kosirai', '500', '2021-10-21 07:42:10'),
(1249, 29, 218, 'Lelmoko/Ngechek', '500', '2021-10-21 07:42:30'),
(1250, 29, 218, 'Kaptel/ Kamoiywo', '500', '2021-10-21 07:42:50'),
(1251, 29, 218, 'Kiptuiya', '300', '2021-10-21 07:43:07'),
(1252, 29, 219, 'Chepkumia', '500', '2021-10-21 07:43:56'),
(1253, 29, 219, 'Kapkangani', '500', '2021-10-21 07:44:13'),
(1254, 29, 219, 'Kapsabet', '500', '2021-10-21 07:44:30'),
(1255, 29, 219, 'Kilibwoni', '500', '2021-10-21 07:44:48'),
(1256, 29, 220, 'Kabisaga', '500', '2021-10-21 07:45:36'),
(1257, 29, 220, 'Kabiyet', '500', '2021-10-21 07:45:53'),
(1258, 29, 220, 'Kipkaren', '500', '2021-10-21 07:46:12'),
(1259, 29, 220, 'Kurgung / Surungai', '300', '2021-10-21 07:46:30'),
(1260, 29, 220, 'Ndalat', '500', '2021-10-21 07:46:49'),
(1261, 29, 220, 'Sangalo', '500', '2021-10-21 07:47:09'),
(1262, 29, 221, 'Nandi Hills', '500', '2021-10-21 07:48:50'),
(1263, 29, 221, 'Chepkunyuk', '500', '2021-10-21 07:49:13'),
(1264, 29, 221, 'Chemelil/ Chemase', '500', '2021-10-21 07:49:35'),
(1265, 29, 221, 'Kapsimatwo', '500', '2021-10-21 07:49:54'),
(1266, 29, 222, 'Soghor / Soba', '500', '2021-10-21 07:50:51'),
(1267, 29, 222, 'Tinderet', '500', '2021-10-21 07:51:11'),
(1268, 29, 222, 'Kapchorwa', '500', '2021-10-21 07:51:29'),
(1269, 29, 222, 'O\'llessos', '500', '2021-10-21 07:51:48'),
(1270, 33, 223, 'Angata naado', '500', '2021-10-21 07:53:51'),
(1271, 33, 223, 'Enabelbel', '500', '2021-10-21 07:54:09'),
(1272, 33, 223, 'Enoosupukia', '500', '2021-10-21 07:54:27'),
(1273, 33, 223, 'Entiyani', '500', '2021-10-21 07:54:42'),
(1274, 33, 223, 'Entontol', '500', '2021-10-21 07:54:58'),
(1275, 33, 223, 'Ildamat', '500', '2021-10-21 07:55:20'),
(1276, 33, 223, 'Ilmasharian / Morijo', '500', '2021-10-21 07:55:37'),
(1277, 33, 223, 'Keekonyokie', '500', '2021-10-21 07:55:53'),
(1278, 33, 223, 'Masikonde', '500', '2021-10-21 07:56:11'),
(1279, 33, 223, 'Mosiro', '500', '2021-10-21 07:56:30'),
(1280, 33, 223, 'Naisoya', '500', '2021-10-21 07:57:19'),
(1281, 33, 223, 'Nkairamiram', '500', '2021-10-21 07:57:37'),
(1282, 33, 223, 'Nkareta East', '500', '2021-10-21 07:57:54'),
(1283, 33, 223, 'Nkareta North', '500', '2021-10-21 07:58:11'),
(1284, 33, 223, 'Ntulele', '500', '2021-10-21 07:58:31'),
(1285, 33, 223, 'Olchoro', '500', '2021-10-21 07:58:48'),
(1286, 33, 223, 'Oleleshwa', '500', '2021-10-21 07:59:07'),
(1287, 33, 223, 'Oletukat', '500', '2021-10-21 07:59:23'),
(1288, 33, 223, 'Olokurto', '500', '2021-10-21 07:59:41'),
(1289, 33, 223, 'Olopito', '500', '2021-10-21 07:59:58'),
(1290, 33, 223, 'Olorropil', '500', '2021-10-21 08:00:16'),
(1291, 33, 223, 'Olpusimoru', '500', '2021-10-21 08:00:32'),
(1292, 33, 223, 'Stadium', '500', '2021-10-21 08:00:49'),
(1293, 33, 223, 'Suswa', '500', '2021-10-21 08:01:06'),
(1294, 33, 223, 'Upper Melili', '500', '2021-10-21 08:01:26'),
(1295, 33, 224, 'Elangata-Enterit', '500', '2021-10-21 08:02:18'),
(1296, 33, 224, 'Ilmotiook', '500', '2021-10-21 08:02:36'),
(1297, 33, 224, 'Lemek', '500', '2021-10-21 08:02:53'),
(1298, 33, 224, 'Loita West', '500', '2021-10-21 08:03:10'),
(1299, 33, 224, 'Maji Moto', '500', '2021-10-21 08:03:28'),
(1300, 33, 224, 'Mara', '500', '2021-10-21 08:03:47'),
(1301, 33, 224, 'Melelo', '500', '2021-10-21 08:04:05'),
(1302, 33, 224, 'Morijo Loita', '500', '2021-10-21 08:04:27'),
(1303, 33, 224, 'Mulot', '500', '2021-10-21 08:04:48'),
(1304, 33, 224, 'Naikarra', '500', '2021-10-21 08:05:09'),
(1305, 33, 224, 'Naroosura', '500', '2021-10-21 08:05:26'),
(1306, 33, 224, 'Nkareta West', '500', '2021-10-21 08:05:43'),
(1307, 33, 224, 'Olderkesi', '500', '2021-10-21 08:06:00'),
(1308, 33, 224, 'Olkinyei', '500', '2021-10-21 08:06:19'),
(1309, 33, 224, 'Olololunga', '500', '2021-10-21 08:06:37'),
(1310, 33, 224, 'Siana', '500', '2021-10-21 08:06:57'),
(1311, 33, 225, 'Mosiro', '500', '2021-10-21 08:08:48'),
(1312, 33, 225, 'Ildamat', '500', '2021-10-21 08:09:06'),
(1313, 33, 225, 'Keekonyokie', '500', '2021-10-21 08:09:26'),
(1314, 33, 225, 'Suswa', '500', '2021-10-21 08:09:46'),
(1315, 33, 226, 'Ilmotiook', '500', '2021-10-21 08:11:38'),
(1316, 33, 226, 'Mara', '500', '2021-10-21 08:11:57'),
(1317, 33, 226, 'Siana', '500', '2021-10-21 08:12:16'),
(1318, 33, 226, 'Naikarra', '500', '2021-10-21 08:12:33'),
(1319, 33, 227, 'Ilkerin', '500', '2021-10-21 08:13:53'),
(1320, 33, 227, 'Ololmasani', '500', '2021-10-21 08:14:15'),
(1321, 33, 227, 'Mogondo', '500', '2021-10-21 08:14:33'),
(1322, 33, 227, 'Kapsasian', '500', '2021-10-21 08:14:50'),
(1323, 33, 228, 'Ang\'ata Barrikoi', '500', '2021-10-21 08:16:00'),
(1324, 33, 228, 'Emarti', '500', '2021-10-21 08:16:39'),
(1325, 33, 228, 'Emurua Dikirr', '500', '2021-10-21 08:17:09'),
(1326, 33, 228, 'Enoosaen', '500', '2021-10-21 08:17:26'),
(1327, 33, 228, 'Kapune', '500', '2021-10-21 08:17:49'),
(1328, 33, 228, 'Kimintet', '500', '2021-10-21 08:18:06'),
(1329, 33, 228, 'Masurura', '500', '2021-10-21 08:18:26'),
(1330, 33, 228, 'Moyoi', '500', '2021-10-21 08:18:44'),
(1331, 33, 228, 'Murgan', '500', '2021-10-21 08:19:04'),
(1332, 33, 228, 'Nkararo', '500', '2021-10-21 08:19:25'),
(1333, 33, 228, 'Oloirien', '500', '2021-10-21 08:19:43'),
(1334, 33, 228, 'Ololmasani', '500', '2021-10-21 08:20:01'),
(1335, 33, 228, 'Olomismis', '500', '2021-10-21 08:20:18'),
(1336, 33, 228, 'Osinoni', '500', '2021-10-21 08:20:37'),
(1337, 33, 228, 'Poroko', '500', '2021-10-21 08:20:58'),
(1338, 33, 228, 'Shankoe', '500', '2021-10-21 08:21:16'),
(1339, 33, 228, 'Shartuka', '500', '2021-10-21 08:21:53'),
(1340, 33, 228, 'Sikawa', '500', '2021-10-21 08:22:14'),
(1341, 46, 229, 'Kebirigo', '500', '2021-10-21 08:24:33'),
(1342, 46, 229, 'Nyamira', '500', '2021-10-21 08:25:08'),
(1343, 46, 229, 'Rangenyo', '500', '2021-10-21 08:25:33'),
(1344, 46, 229, 'Sironga', '500', '2021-10-21 08:25:50'),
(1345, 46, 229, 'Bogichora', '500', '2021-10-21 08:26:06'),
(1346, 46, 229, 'Bonyamatuta', '500', '2021-10-21 08:26:22'),
(1347, 46, 229, 'Gesiaga', '500', '2021-10-21 08:26:42'),
(1348, 46, 229, 'Keera', '500', '2021-10-21 08:27:05'),
(1349, 46, 229, 'Miruka - Nyamaiya', '500', '2021-10-21 08:27:23'),
(1350, 46, 229, 'Motagara', '500', '2021-10-21 08:27:40'),
(1351, 46, 230, 'mecheo', '300', '2021-10-21 08:28:56'),
(1352, 46, 230, 'Gachuba', '500', '2021-10-21 08:29:14'),
(1353, 46, 230, 'Gesima', '500', '2021-10-21 08:29:33'),
(1354, 46, 230, 'Getare', '500', '2021-10-21 08:29:51'),
(1355, 46, 230, 'Kemera', '500', '2021-10-21 08:30:11'),
(1356, 46, 230, 'Magombo', '500', '2021-10-21 08:30:34'),
(1357, 46, 230, 'Manga', '500', '2021-10-21 08:30:57'),
(1358, 46, 230, 'Mochenwa', '500', '2021-10-21 08:31:15'),
(1359, 46, 230, 'Nyankoba', '500', '2021-10-21 08:31:39'),
(1360, 46, 230, 'Nyasore', '500', '2021-10-21 08:31:57'),
(1361, 46, 230, 'Rigoma', '500', '2021-10-21 08:32:16'),
(1362, 46, 231, 'Central', '500', '2021-10-21 08:33:21'),
(1363, 46, 231, 'Ensakia', '500', '2021-10-21 08:33:56'),
(1364, 46, 231, 'Manga', '500', '2021-10-21 08:34:29'),
(1365, 46, 231, 'Matutu', '500', '2021-10-21 08:35:01'),
(1366, 46, 231, 'Bomwagamo', '500', '2021-10-21 08:35:36'),
(1367, 46, 231, 'Ekerenyo', '500', '2021-10-21 08:36:14'),
(1368, 46, 231, 'Esise', '500', '2021-10-21 08:36:43'),
(1369, 46, 231, 'Kiabonyoru', '500', '2021-10-21 08:37:12'),
(1370, 46, 231, 'Kiangeni', '300', '2021-10-21 08:37:40'),
(1371, 46, 231, 'Mageri', '500', '2021-10-21 08:38:09'),
(1372, 46, 231, 'Magwagwa', '500', '2021-10-21 08:38:43'),
(1373, 46, 231, 'Mekenene', '500', '2021-10-21 08:39:17'),
(1374, 46, 231, 'Nyaramba', '500', '2021-10-21 08:39:49'),
(1375, 46, 232, 'Mekenene', '500', '2021-10-21 08:42:02'),
(1376, 46, 232, 'Kiabonyoru', '500', '2021-10-21 08:42:48'),
(1377, 46, 232, 'Nyansiongo', '500', '2021-10-21 08:43:26'),
(1378, 46, 232, 'Esise', '500', '2021-10-21 08:44:01'),
(1379, 18, 233, 'Engineer', '500', '2021-10-21 08:59:25'),
(1380, 18, 233, 'Gathara', '500', '2021-10-21 08:59:58'),
(1381, 18, 233, 'North Kinangop', '500', '2021-10-21 09:00:22'),
(1382, 18, 233, 'Murungaru', '500', '2021-10-21 09:00:40'),
(1383, 18, 233, 'Njabini/Kibiru', '500', '2021-10-21 09:01:05'),
(1384, 18, 233, 'Nyakio', '500', '2021-10-21 09:01:24'),
(1385, 18, 233, 'Magumu', '500', '2021-10-21 09:01:43'),
(1386, 18, 233, 'Githabai', '500', '2021-10-21 09:02:01'),
(1387, 18, 234, 'Wanjohi', '500', '2021-10-21 09:03:12'),
(1388, 18, 234, 'Kipipiri', '500', '2021-10-21 09:03:30'),
(1389, 18, 234, 'Geta', '500', '2021-10-21 09:03:51'),
(1390, 18, 234, 'Githioro', '500', '2021-10-21 09:04:10'),
(1391, 18, 235, 'Karau', '500', '2021-10-21 09:05:19'),
(1392, 18, 235, 'Kanjuire Ridge', '500', '2021-10-21 09:06:32'),
(1393, 18, 235, 'Milangine', '500', '2021-10-21 09:06:54'),
(1394, 18, 235, 'Kaimbaga', '500', '2021-10-21 09:07:14'),
(1395, 18, 235, 'Rurii', '500', '2021-10-21 09:07:34'),
(1396, 18, 236, 'Gathanji', '500', '2021-10-21 09:08:29'),
(1397, 18, 236, 'Gatimu', '500', '2021-10-21 09:08:52'),
(1398, 18, 236, 'Weru', '500', '2021-10-21 09:09:10'),
(1399, 18, 236, 'Charagita', '500', '2021-10-21 09:09:37'),
(1400, 18, 237, 'Leshau/Pondo', '500', '2021-10-21 09:13:07'),
(1401, 18, 237, 'Kiriita', '500', '2021-10-21 09:13:47'),
(1402, 18, 237, 'Central', '500', '2021-10-21 09:14:27'),
(1403, 18, 237, 'Shamata', '500', '2021-10-21 09:15:06'),
(1404, 19, 238, 'Aguthi', '500', '2021-10-21 09:22:02'),
(1405, 19, 238, 'Karundu', '500', '2021-10-21 09:22:23'),
(1406, 19, 238, 'Muhoya', '500', '2021-10-21 09:22:43'),
(1407, 19, 238, 'Tetu', '500', '2021-10-21 09:23:04'),
(1408, 19, 238, 'Thingingi', '500', '2021-10-21 09:23:23'),
(1409, 19, 239, 'Mwiyogo /Endarasha', '500', '2021-10-21 09:24:22'),
(1410, 19, 239, 'Gakawa', '500', '2021-10-21 09:24:45'),
(1411, 19, 239, 'Gatarakwa', '500', '2021-10-21 09:25:11'),
(1412, 19, 239, 'Mugunda', '500', '2021-10-21 09:25:31'),
(1413, 19, 239, 'Mweiga', '500', '2021-10-21 09:25:51'),
(1414, 19, 239, 'Naro Moru/Kiamathaga', '500', '2021-10-21 09:26:13'),
(1415, 19, 239, 'Thegu River', '500', '2021-10-21 09:26:30'),
(1416, 19, 240, 'Commercial', '500', '2021-10-21 09:27:42'),
(1417, 19, 240, 'Hospital', '500', '2021-10-21 09:28:00'),
(1418, 19, 240, 'Iria-ini (Mathira)', '500', '2021-10-21 09:28:21'),
(1419, 19, 240, 'Kirimukuyu', '500', '2021-10-21 09:28:39'),
(1420, 19, 240, 'Konyu', '500', '2021-10-21 09:28:58'),
(1421, 19, 240, 'Magutu', '500', '2021-10-21 09:29:19'),
(1422, 19, 240, 'Market', '500', '2021-10-21 09:29:51'),
(1423, 19, 240, 'Ngorano', '500', '2021-10-21 09:30:16'),
(1424, 19, 240, 'Railway', '500', '2021-10-21 09:30:41'),
(1425, 19, 240, 'Residential', '500', '2021-10-21 09:31:04'),
(1426, 19, 240, 'Stadium', '500', '2021-10-21 09:31:27'),
(1427, 19, 241, 'Kanyange', '500', '2021-10-21 09:32:19'),
(1428, 19, 241, 'Kianganda', '500', '2021-10-21 09:32:37'),
(1429, 19, 241, 'Nduye River', '500', '2021-10-21 09:33:01'),
(1430, 19, 241, 'Nyamari', '500', '2021-10-21 09:33:23'),
(1431, 19, 241, 'Thuti', '500', '2021-10-21 09:33:44'),
(1432, 19, 241, 'Chinga', '500', '2021-10-21 09:34:07'),
(1433, 19, 241, 'Iria-Ini', '500', '2021-10-21 09:34:30'),
(1434, 19, 241, 'Karima', '500', '2021-10-21 09:34:53'),
(1435, 19, 241, 'Mahiga', '500', '2021-10-21 09:35:16'),
(1436, 19, 241, 'Mumwe', '500', '2021-10-21 09:35:37'),
(1437, 19, 242, 'Gakindu', '500', '2021-10-21 09:37:40'),
(1438, 19, 242, 'Giathugu', '500', '2021-10-21 09:38:04'),
(1439, 19, 242, 'Gikondi', '500', '2021-10-21 09:38:26'),
(1440, 19, 242, 'Githi', '500', '2021-10-21 09:38:46'),
(1441, 19, 242, 'Muhito', '500', '2021-10-21 09:39:08'),
(1442, 19, 242, 'Rutune', '500', '2021-10-21 09:39:28'),
(1443, 19, 242, 'Thanu', '500', '2021-10-21 09:39:48'),
(1444, 19, 243, 'Chania', '500', '2021-10-21 09:40:59'),
(1445, 19, 243, 'Gatitu', '500', '2021-10-21 09:41:19'),
(1446, 19, 243, 'Kamakwa', '500', '2021-10-21 09:41:39'),
(1447, 19, 243, 'Karia', '500', '2021-10-21 09:42:02'),
(1448, 19, 243, 'Kiganjo', '500', '2021-10-21 09:42:22'),
(1449, 19, 243, 'Kirichu', '500', '2021-10-21 09:42:46'),
(1450, 19, 243, 'Mukaro', '500', '2021-10-21 09:43:07'),
(1451, 19, 243, 'Muruguru', '500', '2021-10-21 09:43:26'),
(1452, 19, 243, 'Nyaribo', '500', '2021-10-21 09:43:47'),
(1453, 19, 243, 'Nyeri Central', '500', '2021-10-21 09:44:11'),
(1454, 25, 244, 'Lodokejek', '500', '2021-10-21 09:48:39'),
(1455, 25, 244, 'Suguta Marmar', '500', '2021-10-21 09:49:01'),
(1456, 25, 244, 'Maralal', '500', '2021-10-21 09:49:46'),
(1457, 25, 244, 'Loosuk', '500', '2021-10-21 09:50:07'),
(1458, 25, 244, 'Poro', '500', '2021-10-21 09:50:30'),
(1459, 25, 245, 'El-barta', '500', '2021-10-21 09:51:26'),
(1460, 25, 245, 'Nachola', '500', '2021-10-21 09:51:53'),
(1461, 25, 245, 'Ndoto', '500', '2021-10-21 09:52:19'),
(1462, 25, 245, 'Nyiro', '500', '2021-10-21 09:57:41'),
(1463, 25, 245, 'Angata Nanyokie', '500', '2021-10-21 09:58:03'),
(1464, 25, 245, 'Baawa', '500', '2021-10-21 09:58:27'),
(1465, 25, 246, 'Waso', '500', '2021-10-21 09:59:29'),
(1466, 25, 246, 'Wamba west', '500', '2021-10-21 09:59:50'),
(1467, 25, 246, 'Wamba east', '500', '2021-10-21 10:00:11'),
(1468, 25, 246, 'Wamba north', '500', '2021-10-21 10:00:31'),
(1469, 41, 247, 'West Ugenya', '500', '2021-10-21 10:04:53'),
(1470, 41, 247, 'Ukwala', '500', '2021-10-21 10:05:15'),
(1471, 41, 247, 'North Ugenya', '500', '2021-10-21 10:05:41'),
(1472, 41, 247, 'East Ugenya', '500', '2021-10-21 10:06:01'),
(1473, 41, 248, 'Sidindi', '500', '2021-10-21 10:07:08'),
(1474, 41, 248, 'sigomere', '500', '2021-10-21 10:08:36'),
(1475, 41, 248, 'Ugunja', '500', '2021-10-21 10:09:02'),
(1476, 41, 249, 'Usonga', '500', '2021-10-21 10:09:43'),
(1477, 41, 249, 'West Alego', '500', '2021-10-21 10:10:03'),
(1478, 41, 249, 'Central Alego', '500', '2021-10-21 10:10:23'),
(1479, 41, 249, 'Siaya Township', '500', '2021-10-21 10:10:47'),
(1480, 41, 249, 'North Alego', '500', '2021-10-21 10:11:07'),
(1481, 41, 249, 'South east Alego', '500', '2021-10-21 10:12:39'),
(1482, 41, 250, 'North Gem', '500', '2021-10-21 10:14:07'),
(1483, 41, 250, 'West Gem', '500', '2021-10-21 10:14:28'),
(1484, 41, 250, 'Central Gem', '500', '2021-10-21 10:14:50'),
(1485, 41, 250, 'Yala Township', '500', '2021-10-21 10:15:10'),
(1486, 41, 250, 'East Gem', '500', '2021-10-21 10:15:31'),
(1487, 41, 250, 'South Gem', '500', '2021-10-21 10:15:53'),
(1488, 41, 251, 'West Yimbo', '500', '2021-10-21 10:16:39'),
(1489, 41, 251, 'Central Sakwa', '500', '2021-10-21 10:17:06'),
(1490, 41, 251, 'South Sakwa', '500', '2021-10-21 10:17:29'),
(1491, 41, 251, 'Yimbo East', '500', '2021-10-21 10:17:55'),
(1492, 41, 251, 'West Sakwa', '500', '2021-10-21 10:18:17'),
(1493, 41, 251, 'North Sakwa', '500', '2021-10-21 10:18:38'),
(1494, 41, 252, 'East Asembo', '500', '2021-10-21 10:19:33'),
(1495, 41, 252, 'West Asembo', '500', '2021-10-21 10:19:54'),
(1496, 41, 252, 'North Uyoma', '500', '2021-10-21 10:20:15'),
(1497, 41, 252, 'South Uyoma', '500', '2021-10-21 10:20:37'),
(1498, 41, 252, 'West Uyoma', '500', '2021-10-21 10:21:01'),
(1499, 6, 253, 'Chala/Njukini', '500', '2021-10-21 11:17:20'),
(1500, 6, 253, 'Kitobo / Kimorigho', '500', '2021-10-21 11:17:50'),
(1501, 6, 253, 'Mahoo', '500', '2021-10-21 11:18:21'),
(1502, 6, 253, 'Mboghoni / Kimalamata', '500', '2021-10-21 11:21:22'),
(1503, 6, 253, 'Taveta North', '500', '2021-10-21 11:22:02'),
(1504, 6, 253, 'Taveta South', '500', '2021-10-21 11:22:51'),
(1505, 6, 254, 'Mwanda / Mghange', '500', '2021-10-21 11:31:25'),
(1506, 6, 254, 'Werugha', '500', '2021-10-21 11:32:08'),
(1507, 6, 254, 'Wumingu / Kishushe', '500', '2021-10-21 11:32:47'),
(1508, 6, 254, 'Wundanyi / Mbale', '500', '2021-10-21 11:33:52'),
(1509, 6, 255, 'Kighononyi', '500', '2021-10-21 11:36:02'),
(1510, 6, 255, 'Bura', '500', '2021-10-21 11:36:37'),
(1511, 6, 255, 'Chawia / Kishamba', '500', '2021-10-21 11:37:13'),
(1512, 6, 255, 'Mwachabo', '500', '2021-10-21 11:37:51'),
(1513, 6, 255, 'Mwakitau', '500', '2021-10-21 11:38:29'),
(1514, 6, 255, 'Mwatate', '500', '2021-10-21 11:39:05'),
(1515, 6, 255, 'Rong\'e', '500', '2021-10-21 11:39:42'),
(1516, 6, 255, 'Rong\'e Juu', '500', '2021-10-21 11:40:17'),
(1517, 6, 256, 'Kaloleni', '500', '2021-10-21 11:42:00'),
(1518, 6, 256, 'Mbololo / Ngolia', '500', '2021-10-21 11:42:40'),
(1519, 6, 256, 'Kirutai', '500', '2021-10-21 11:44:14'),
(1520, 6, 256, 'Voi Central', '500', '2021-10-21 11:44:52'),
(1521, 6, 256, 'Voi North East', '500', '2021-10-21 11:45:31'),
(1522, 6, 256, 'Voi South', '500', '2021-10-21 11:46:10'),
(1523, 6, 256, 'Voi West', '500', '2021-10-21 11:46:46'),
(1524, 4, 257, 'Chewele', '500', '2021-10-21 11:59:32'),
(1525, 4, 257, 'Hirimani', '500', '2021-10-21 12:00:09'),
(1526, 4, 257, 'Bangale', '500', '2021-10-21 12:00:45'),
(1527, 4, 257, 'Sala', '500', '2021-10-21 12:01:18'),
(1528, 4, 257, 'Madogo', '500', '2021-10-21 12:01:52'),
(1529, 4, 258, 'Kinakomba', '500', '2021-10-21 12:17:17'),
(1530, 4, 257, 'Mikinduni', '500', '2021-10-21 12:17:42'),
(1531, 4, 258, 'Chewani', '500', '2021-10-21 12:18:07'),
(1532, 4, 258, 'Wayu', '500', '2021-10-21 12:18:35'),
(1533, 4, 259, 'Kipini East', '500', '2021-10-21 12:19:37'),
(1534, 4, 259, 'Garsen South​​', '500', '2021-10-21 12:20:01'),
(1535, 4, 259, 'Kipini West', '500', '2021-10-21 12:20:26'),
(1536, 4, 259, 'Garsen Central​​', '500', '2021-10-21 12:20:55'),
(1537, 4, 259, 'Garsen West​​', '500', '2021-10-21 12:21:30'),
(1538, 4, 259, 'Garsen North', '500', '2021-10-21 12:21:55'),
(1539, 13, 260, 'Mitheru', '300', '2021-10-21 12:26:02'),
(1540, 13, 260, 'Muthambi', '300', '2021-10-21 12:26:29'),
(1541, 13, 260, 'Mwimbi', '300', '2021-10-21 12:26:53'),
(1542, 13, 260, 'Ganga', '300', '2021-10-21 12:27:16'),
(1543, 13, 260, 'Chogoria', '300', '2021-10-21 12:27:41'),
(1544, 13, 261, 'Mariani', '300', '2021-10-21 12:29:24'),
(1545, 13, 261, 'Karingani', '300', '2021-10-21 12:29:51'),
(1546, 13, 261, 'Magumoni', '300', '2021-10-21 12:30:17'),
(1547, 13, 261, 'Mugwe', '300', '2021-10-21 12:30:44'),
(1548, 13, 261, 'Igambang\'ombe', '300', '2021-10-21 12:31:23'),
(1549, 13, 262, 'Gatunga', '300', '2021-10-21 12:33:11'),
(1550, 13, 262, 'Maukothima', '300', '2021-10-21 12:33:41'),
(1551, 13, 262, 'Nkondi', '300', '2021-10-21 12:34:05'),
(1552, 13, 262, 'Chiakariga', '300', '2021-10-21 12:34:29'),
(1553, 13, 262, 'Marimanti', '300', '2021-10-21 12:34:54'),
(1554, 26, 263, 'Cherang\'any/Suwerwa', '300', '2021-10-21 12:37:29'),
(1555, 26, 263, 'Kaplamai', '300', '2021-10-21 12:38:00'),
(1556, 26, 263, 'Chepsiro/Kiptoror', '300', '2021-10-21 12:38:25'),
(1557, 26, 263, 'Sinyerere', '300', '2021-10-21 12:38:53'),
(1558, 26, 263, 'Sitatunga', '300', '2021-10-21 12:39:19'),
(1559, 26, 263, 'Motosiet/Nzoia', '300', '2021-10-21 12:39:46'),
(1560, 26, 263, 'Makutano', '300', '2021-10-21 12:40:09'),
(1561, 26, 264, 'Chepchoina', '300', '2021-10-21 12:41:38'),
(1562, 26, 264, 'Kaibei', '300', '2021-10-21 12:42:04'),
(1563, 26, 264, 'Kaisagat', '300', '2021-10-21 12:42:34'),
(1564, 26, 264, 'Kapomboi', '300', '2021-10-21 12:43:00'),
(1565, 26, 264, 'Kapsitwet', '300', '2021-10-21 12:43:28'),
(1566, 26, 264, 'Kwanza', '300', '2021-10-21 12:44:12'),
(1567, 26, 265, 'Hospital', '300', '2021-10-21 12:45:29'),
(1568, 26, 265, 'Kibomet', '500', '2021-10-21 12:45:56'),
(1569, 26, 265, 'Kiminini', '500', '2021-10-21 12:46:28'),
(1570, 26, 265, 'Kinyoro', '500', '2021-10-21 12:46:57'),
(1571, 26, 265, 'Kipsongo', '500', '2021-10-21 12:47:25'),
(1572, 26, 265, 'Kisawai', '500', '2021-10-21 12:47:58'),
(1573, 26, 265, 'Lessos', '500', '2021-10-21 12:48:26'),
(1574, 26, 265, 'Machewa', '300', '2021-10-21 12:48:57'),
(1575, 26, 265, 'Masaba', '300', '2021-10-21 12:49:30'),
(1576, 26, 265, 'Matisi', '500', '2021-10-21 12:49:58'),
(1577, 26, 265, 'Milimani', '500', '2021-10-21 12:50:27'),
(1578, 26, 265, 'Mumia', '500', '2021-10-21 12:50:57'),
(1579, 26, 265, 'Saboti', '500', '2021-10-21 12:51:25'),
(1580, 26, 265, 'Sokoni', '500', '2021-10-21 12:52:07'),
(1581, 26, 265, 'Tuwani', '500', '2021-10-21 12:52:37'),
(1582, 26, 265, 'Waitaluk', '500', '2021-10-21 12:53:05'),
(1583, 26, 265, 'Webuye', '500', '2021-10-21 12:53:34'),
(1584, 26, 266, 'Chepchoina', '500', '2021-10-21 12:56:16'),
(1585, 26, 266, 'Endebess', '500', '2021-10-21 12:56:42'),
(1586, 26, 266, 'Matumbei', '500', '2021-10-21 12:57:09'),
(1587, 26, 267, 'Kiminini', '500', '2021-10-21 12:58:50'),
(1588, 26, 267, 'Waitaluk', '500', '2021-10-21 12:59:20'),
(1589, 26, 267, 'Sirende', '500', '2021-10-21 12:59:49'),
(1590, 26, 267, 'Sikhendu', '500', '2021-10-21 13:01:12'),
(1591, 26, 267, 'Nabiswa', '500', '2021-10-21 13:01:43'),
(1592, 23, 268, 'Kotaruk /Lobei', '500', '2021-10-21 13:05:35'),
(1593, 23, 268, 'Turkwel', '500', '2021-10-21 13:06:11'),
(1594, 23, 268, 'Loima', '500', '2021-10-21 13:06:39'),
(1595, 23, 268, 'Lokiriama/ Lorengippi', '500', '2021-10-21 13:07:08'),
(1596, 23, 269, 'Kanamkemer', '500', '2021-10-21 13:09:17'),
(1597, 23, 269, 'Kawalase', '500', '2021-10-21 13:13:08'),
(1598, 23, 269, 'Kenyatta', '500', '2021-10-21 13:13:39'),
(1599, 23, 269, 'Nakwanga', '500', '2021-10-21 13:14:08'),
(1600, 23, 269, 'Napetet', '500', '2021-10-21 13:14:36'),
(1601, 23, 269, 'Napuu', '500', '2021-10-21 13:15:04'),
(1602, 23, 269, 'Kalokol', '500', '2021-10-21 13:15:32'),
(1603, 23, 269, 'Kang\'atotha', '500', '2021-10-21 13:16:04'),
(1604, 23, 269, 'Kerio', '500', '2021-10-21 13:16:33'),
(1605, 23, 269, 'Kotaruk', '500', '2021-10-21 13:17:00'),
(1606, 23, 269, 'Loima', '500', '2021-10-21 13:17:29'),
(1607, 23, 269, 'Lomeyan', '500', '2021-10-21 13:17:53'),
(1608, 23, 269, 'Lorengippi', '500', '2021-10-21 13:18:21'),
(1609, 23, 269, 'Lorugum', '500', '2021-10-21 13:18:50'),
(1610, 23, 269, 'Nadapal', '500', '2021-10-21 13:19:18'),
(1611, 23, 270, 'Kapedo /Napeitom', '500', '2021-10-21 13:22:27'),
(1612, 23, 270, 'Katilia', '300', '2021-10-21 13:22:55'),
(1613, 23, 270, 'Lokori/ Kochodin', '500', '2021-10-21 13:23:26'),
(1614, 23, 271, 'Kaeris', '500', '2021-10-21 13:25:33'),
(1615, 23, 271, 'Kaikor', '500', '2021-10-21 13:26:07'),
(1616, 23, 271, 'Kakuma', '500', '2021-10-21 13:26:36'),
(1617, 23, 271, 'Kalobeyei', '500', '2021-10-21 13:27:54'),
(1618, 23, 271, 'Kataboi', '500', '2021-10-21 13:28:35'),
(1619, 23, 271, 'Kibish', '500', '2021-10-21 13:29:13'),
(1620, 23, 271, 'Kokuro', '500', '2021-10-21 13:29:49'),
(1621, 23, 271, 'Lokichoggio', '500', '2021-10-21 13:31:49'),
(1622, 23, 271, 'Lokitaung', '500', '2021-10-21 13:32:19'),
(1623, 23, 271, 'Lorau', '500', '2021-10-21 13:33:23'),
(1624, 23, 271, 'Loreng', '500', '2021-10-21 13:33:53'),
(1625, 23, 271, 'Loruth Esekon', '500', '2021-10-21 13:34:24'),
(1626, 23, 271, 'Meyan', '500', '2021-10-21 13:34:52'),
(1627, 23, 271, 'Naita', '500', '2021-10-21 13:36:34'),
(1628, 23, 271, 'Nanaam / Mogila', '500', '2021-10-21 13:37:02'),
(1629, 23, 271, 'Ngissiger', '500', '2021-10-21 13:37:33'),
(1630, 23, 271, 'Songot', '500', '2021-10-21 13:38:05'),
(1631, 23, 271, 'Yapakuno', '500', '2021-10-21 13:38:33'),
(1632, 23, 272, 'Kapedo', '500', '2021-10-21 13:40:07'),
(1633, 23, 272, 'Kaputir', '500', '2021-10-21 13:40:35'),
(1634, 23, 272, 'Katilu', '500', '2021-10-21 13:41:12'),
(1635, 23, 272, 'Kochodin', '500', '2021-10-21 13:41:52'),
(1636, 23, 272, 'Lobokat', '500', '2021-10-21 13:42:21'),
(1637, 23, 272, 'Lokichar', '500', '2021-10-21 13:42:52'),
(1638, 23, 272, 'Lokori', '500', '2021-10-21 13:43:20'),
(1639, 23, 272, 'Napeitom', '500', '2021-10-21 13:43:51'),
(1640, 23, 272, 'Kalapata', '500', '2021-10-21 13:44:18'),
(1641, 23, 272, 'Katilia', '500', '2021-10-21 13:44:46'),
(1642, 23, 273, 'Kakuma', '500', '2021-10-21 13:47:39'),
(1643, 23, 273, 'Lopur', '500', '2021-10-21 13:48:14'),
(1644, 23, 273, 'Latea', '500', '2021-10-21 13:48:45'),
(1645, 23, 273, 'Songot', '500', '2021-10-21 13:49:20'),
(1646, 23, 273, 'Kalobeyei', '500', '2021-10-21 13:49:51'),
(1647, 23, 273, 'Lokichogio', '500', '2021-10-21 13:50:19'),
(1648, 23, 273, 'Nanaam', '500', '2021-10-21 13:50:55'),
(1649, 27, 274, 'Kapsoya', '500', '2021-10-21 13:54:08'),
(1650, 27, 274, 'Kaptagat', '500', '2021-10-21 13:54:45'),
(1651, 27, 274, 'Ainabkoi/Olare', '500', '2021-10-21 13:55:44'),
(1652, 27, 275, 'Simat/Kapseret', '500', '2021-10-21 13:58:44'),
(1653, 27, 275, 'Kipkenyo', '500', '2021-10-21 14:00:06'),
(1654, 27, 275, 'Ngeria', '500', '2021-10-21 14:01:36'),
(1655, 27, 275, 'Megun', '500', '2021-10-21 14:02:07'),
(1656, 27, 275, 'Langas', '500', '2021-10-21 14:02:35'),
(1657, 27, 276, 'Racecourse', '500', '2021-10-21 14:06:00'),
(1658, 27, 276, 'Cheptiret/Kipchamo', '500', '2021-10-21 14:06:31'),
(1659, 27, 276, 'Tulwet/Chuiyat', '500', '2021-10-21 14:07:04'),
(1660, 27, 276, 'Tarakwa', '500', '2021-10-21 14:07:32'),
(1661, 27, 277, 'Tembelio', '500', '2021-10-21 14:09:12'),
(1662, 27, 277, 'Sergoit', '500', '2021-10-21 14:09:40'),
(1663, 27, 277, 'Karuna/Meibeki', '500', '2021-10-21 14:10:41'),
(1664, 27, 277, 'Moiben', '500', '2021-10-21 14:11:30'),
(1665, 27, 277, 'Kimumu', '500', '2021-10-21 14:12:13'),
(1666, 27, 278, 'Moi’s Bridge', '500', '2021-10-21 14:14:42'),
(1667, 27, 278, 'Kapkures', '500', '2021-10-21 14:15:13'),
(1668, 27, 278, 'Ziwa', '500', '2021-10-21 14:15:44'),
(1669, 27, 278, 'Segero/Barsombe', '500', '2021-10-21 14:16:18'),
(1670, 27, 278, 'Kipsom Ba', '500', '2021-10-21 14:16:48'),
(1671, 27, 278, 'Soy', '500', '2021-10-21 14:17:18'),
(1672, 27, 278, 'Kuinet/Kapsuswa', '500', '2021-10-21 14:17:50'),
(1673, 27, 279, 'Ngenyilel', '500', '2021-10-21 14:19:23'),
(1674, 27, 279, 'Tapsagoi', '500', '2021-10-21 14:19:52'),
(1675, 27, 279, 'Kamagut', '500', '2021-10-21 14:20:27'),
(1676, 27, 279, 'Kiplombe', '500', '2021-10-21 14:21:08'),
(1677, 27, 279, 'Kapsaos', '500', '2021-10-21 14:21:35'),
(1678, 27, 279, 'Huruma', '500', '2021-10-21 14:22:08'),
(1679, 38, 280, 'Central Bunyore', '500', '2021-10-22 07:18:55'),
(1680, 38, 280, 'Emabungo', '500', '2021-10-22 07:19:14'),
(1681, 38, 280, 'Emuhaya North', '500', '2021-10-22 07:19:31'),
(1682, 38, 280, 'Luanda', '500', '2021-10-22 07:19:50'),
(1683, 38, 280, 'Luanda South', '500', '2021-10-22 07:20:09'),
(1684, 38, 280, 'Mukhalakhala', '500', '2021-10-22 07:20:29'),
(1685, 38, 280, 'Mwibona', '500', '2021-10-22 07:20:48'),
(1686, 38, 280, 'Wemilabi', '500', '2021-10-22 07:21:07'),
(1687, 38, 280, 'West Bunyore', '500', '2021-10-22 07:21:26'),
(1688, 38, 281, 'Shiru', '500', '2021-10-22 07:22:55'),
(1689, 38, 281, 'Gisambai', '500', '2021-10-22 07:23:14'),
(1690, 38, 281, 'Shamakhokho', '500', '2021-10-22 07:23:41'),
(1691, 38, 281, 'Banja', '500', '2021-10-22 07:42:04'),
(1692, 38, 281, 'Muhudu', '500', '2021-10-22 07:43:18'),
(1693, 38, 281, 'Tambua', '500', '2021-10-22 07:43:41'),
(1694, 38, 281, 'Jepkoyai', '500', '2021-10-22 07:44:04'),
(1695, 38, 282, 'Busali', '500', '2021-10-22 07:45:01'),
(1696, 38, 282, 'Chavakali', '500', '2021-10-22 07:45:22'),
(1697, 38, 282, 'Izava', '500', '2021-10-22 07:45:47'),
(1698, 38, 282, 'Lyaduywa', '500', '2021-10-22 07:46:12'),
(1699, 38, 282, 'North Maragoli', '500', '2021-10-22 07:46:38'),
(1700, 38, 282, 'Sabatia West', '500', '2021-10-22 07:47:00'),
(1701, 38, 282, 'Wodanga', '500', '2021-10-22 07:47:22'),
(1702, 38, 283, 'Lugaga-wamulama', '500', '2021-10-22 07:49:38'),
(1703, 38, 283, 'South maragoli', '500', '2021-10-22 07:50:01'),
(1704, 38, 283, 'Central maragoli', '500', '2021-10-22 07:50:22'),
(1705, 38, 283, 'Mungoma', '500', '2021-10-22 07:50:45'),
(1706, 38, 284, 'Luanda Township', '500', '2021-10-22 07:51:59'),
(1707, 38, 284, 'Wemilabi', '500', '2021-10-22 07:52:22'),
(1708, 38, 284, 'Mwibona', '500', '2021-10-22 07:52:45'),
(1709, 38, 280, 'Luanda South', '500', '2021-10-22 07:53:06'),
(1710, 38, 284, 'Emabungo', '500', '2021-10-22 07:53:35'),
(1711, 8, 285, 'Gurar', '500', '2021-10-22 07:55:56'),
(1712, 8, 285, 'Bute', '500', '2021-10-22 07:56:19'),
(1713, 8, 285, 'Korondile', '500', '2021-10-22 07:56:41'),
(1714, 8, 285, 'Malkagafu', '500', '2021-10-22 07:57:01'),
(1715, 8, 285, 'Batalu', '500', '2021-10-22 07:57:24'),
(1716, 8, 285, 'Danaba', '500', '2021-10-22 07:57:46'),
(1717, 8, 285, 'Godoma', '500', '2021-10-22 07:58:05'),
(1718, 8, 286, 'Wagberi', '500', '2021-10-22 07:58:52'),
(1719, 8, 286, 'Township', '500', '2021-10-22 07:59:12'),
(1720, 8, 286, 'Barwago', '500', '2021-10-22 07:59:33'),
(1721, 8, 286, 'Khorof/Harar', '500', '2021-10-22 07:59:57'),
(1722, 8, 287, 'Elben', '500', '2021-10-22 08:00:45'),
(1723, 8, 287, 'Sarman', '500', '2021-10-22 08:01:06'),
(1724, 8, 287, 'Tarbaj', '500', '2021-10-22 08:01:31'),
(1725, 8, 287, 'Wargadud', '500', '2021-10-22 08:02:03'),
(1726, 8, 288, 'Arbajahan', '500', '2021-10-22 08:03:02'),
(1727, 8, 288, 'Hadado/Athibohol', '500', '2021-10-22 08:03:25'),
(1728, 8, 288, 'Adamasajide', '500', '2021-10-22 08:03:50'),
(1729, 8, 288, 'Ganture/Wagalla', '500', '2021-10-22 08:04:13'),
(1730, 8, 289, 'Eldas', '500', '2021-10-22 08:05:11'),
(1731, 8, 289, 'Della', '500', '2021-10-22 08:05:33'),
(1732, 8, 289, 'Lakoley south/Basir', '500', '2021-10-22 08:06:01'),
(1733, 8, 289, 'Elnur/Tulatula', '500', '2021-10-22 08:06:26'),
(1734, 8, 290, 'Benane', '500', '2021-10-22 08:07:22'),
(1735, 8, 290, 'Burder', '500', '2021-10-22 08:07:46'),
(1736, 8, 290, 'Dadaja bula', '500', '2021-10-22 08:08:07'),
(1737, 8, 290, 'Habasswein', '500', '2021-10-22 08:08:31'),
(1738, 8, 290, 'Lagboghol South', '500', '2021-10-22 08:09:09'),
(1739, 8, 290, 'Ibrahim Ure', '500', '2021-10-22 08:09:31'),
(1740, 8, 290, 'Diif', '500', '2021-10-22 08:09:55'),
(1741, 24, 291, 'Chekomos', '500', '2021-10-22 08:12:17'),
(1742, 24, 291, 'Chemwochoi', '500', '2021-10-22 08:12:37'),
(1743, 24, 291, 'Chepareria / Kosulol', '500', '2021-10-22 08:12:58'),
(1744, 24, 291, 'Chepkopegh', '500', '2021-10-22 08:13:24'),
(1745, 24, 291, 'Endugh', '500', '2021-10-22 08:13:46'),
(1746, 24, 291, 'Kaibos', '500', '2021-10-22 08:14:07'),
(1747, 24, 291, 'Kanyarkwat', '500', '2021-10-22 08:14:28'),
(1748, 24, 291, 'Kapchemogen', '500', '2021-10-22 08:14:51'),
(1749, 24, 291, 'Kapenguria', '500', '2021-10-22 08:15:17'),
(1750, 24, 291, 'Kapenguria North', '500', '2021-10-22 08:15:41'),
(1751, 24, 291, 'Keringet / Psigirio', '500', '2021-10-22 08:16:02'),
(1752, 24, 291, 'Keringet', '500', '2021-10-22 08:17:14'),
(1753, 24, 291, 'Kisiaunet', '500', '2021-10-22 08:17:36');
INSERT INTO `deli_streets` (`id`, `county_id`, `region_id`, `street_name`, `amount`, `date_created`) VALUES
(1754, 24, 291, 'Miskwony', '500', '2021-10-22 08:17:58'),
(1755, 24, 291, 'Nakwijit', '500', '2021-10-22 08:18:19'),
(1756, 24, 291, 'Ptoyo', '500', '2021-10-22 08:18:44'),
(1757, 24, 291, 'Riwo', '500', '2021-10-22 08:20:24'),
(1758, 24, 291, 'Senetwo', '500', '2021-10-22 08:20:43'),
(1759, 24, 291, 'Siyoi', '500', '2021-10-22 08:21:04'),
(1760, 24, 291, 'Sook', '500', '2021-10-22 08:21:26'),
(1761, 24, 291, 'Talau', '500', '2021-10-22 08:21:47'),
(1762, 24, 291, 'Tamugh', '500', '2021-10-22 08:22:08'),
(1763, 24, 291, 'Ywalateke', '500', '2021-10-22 08:22:29'),
(1764, 24, 292, 'Suam', '500', '2021-10-22 08:23:41'),
(1765, 24, 292, 'Kodich', '500', '2021-10-22 08:24:03'),
(1766, 24, 292, 'Kasei', '500', '2021-10-22 08:24:27'),
(1767, 24, 292, 'Kapchok', '500', '2021-10-22 08:24:50'),
(1768, 24, 292, 'Kiwawa', '500', '2021-10-22 08:25:11'),
(1769, 24, 292, 'Alale', '500', '2021-10-22 08:25:35'),
(1770, 24, 293, 'Chepareria', '500', '2021-10-22 08:26:28'),
(1771, 24, 293, 'Batei', '500', '2021-10-22 08:26:58'),
(1772, 24, 293, 'Lelan', '500', '2021-10-22 08:27:19'),
(1773, 24, 293, 'Tapach', '500', '2021-10-22 08:27:52'),
(1774, 24, 291, 'Batei', '500', '2021-10-22 08:28:46'),
(1775, 24, 294, 'Cheptulel', '500', '2021-10-22 08:29:09'),
(1776, 24, 294, 'Kaptabuk', '500', '2021-10-22 08:29:31'),
(1777, 24, 294, 'Lelan', '500', '2021-10-22 08:29:55'),
(1778, 24, 294, 'Lomut', '500', '2021-10-22 08:30:19'),
(1779, 24, 294, 'Masol', '500', '2021-10-22 08:30:42'),
(1780, 24, 294, 'Mwino', '500', '2021-10-22 08:31:11'),
(1781, 24, 294, 'Parua', '500', '2021-10-22 08:31:34'),
(1782, 24, 294, 'Porkoyu', '500', '2021-10-22 08:31:55'),
(1783, 24, 294, 'Sekerot', '500', '2021-10-22 08:32:19'),
(1784, 24, 294, 'Sekerr', '500', '2021-10-22 08:32:42'),
(1785, 24, 294, 'Sondany', '500', '2021-10-22 08:33:06'),
(1786, 24, 294, 'Tapach', '500', '2021-10-22 08:33:28'),
(1787, 24, 294, 'Wei Wei', '500', '2021-10-22 08:33:52'),
(1788, 47, 295, 'Nairobi CBD', '100', '2021-10-28 09:54:41'),
(1789, 47, 2, 'lavington', '300', '2021-11-02 08:18:21'),
(1790, 47, 2, 'Hurlingham', '300', '2021-11-02 08:19:11');

--
-- Indexes for dumped tables
--

--
-- Indexes for table `deli_counties`
--
ALTER TABLE `deli_counties`
  ADD PRIMARY KEY (`county_code`) USING BTREE;

--
-- Indexes for table `deli_customers`
--
ALTER TABLE `deli_customers`
  ADD PRIMARY KEY (`id`);

--
-- Indexes for table `deli_orders`
--
ALTER TABLE `deli_orders`
  ADD PRIMARY KEY (`id`);

--
-- Indexes for table `deli_regions`
--
ALTER TABLE `deli_regions`
  ADD PRIMARY KEY (`id`),
  ADD KEY `county_region` (`county_code`);

--
-- Indexes for table `deli_streets`
--
ALTER TABLE `deli_streets`
  ADD PRIMARY KEY (`id`),
  ADD KEY `region_street` (`region_id`),
  ADD KEY `county_streete` (`county_id`);

--
-- AUTO_INCREMENT for dumped tables
--

--
-- AUTO_INCREMENT for table `deli_customers`
--
ALTER TABLE `deli_customers`
  MODIFY `id` int(11) NOT NULL AUTO_INCREMENT, AUTO_INCREMENT=5;

--
-- AUTO_INCREMENT for table `deli_orders`
--
ALTER TABLE `deli_orders`
  MODIFY `id` int(11) NOT NULL AUTO_INCREMENT COMMENT 'Unique incrementing number';

--
-- AUTO_INCREMENT for table `deli_regions`
--
ALTER TABLE `deli_regions`
  MODIFY `id` int(11) NOT NULL AUTO_INCREMENT, AUTO_INCREMENT=296;

--
-- AUTO_INCREMENT for table `deli_streets`
--
ALTER TABLE `deli_streets`
  MODIFY `id` int(11) NOT NULL AUTO_INCREMENT, AUTO_INCREMENT=1791;
COMMIT;

/*!40101 SET CHARACTER_SET_CLIENT=@OLD_CHARACTER_SET_CLIENT */;
/*!40101 SET CHARACTER_SET_RESULTS=@OLD_CHARACTER_SET_RESULTS */;
/*!40101 SET COLLATION_CONNECTION=@OLD_COLLATION_CONNECTION */;
